a,a**2,b,b**2,yShift,a,a**2,b,b**2,yShift,vectorDirection,graphPixelCount,medianDistance,rating
-0.691,1.093,0,0.426,0.986,0,0,-0.831,0,-2.32,58,1537,0.039120740225661504,0.5
-0.878,0,-0.338,0,-0.43,-0.383,0,0,0,-1.507,7,4205,0.5093185858225127,0.4
1.503,0,0,0,0.533,0,0,0,-0.487,0.876,32,5601,0.1552975694547107,0.4
0,0,0.813,0,-0.092,0.871,0,2.097,0,-0.157,12,3759,0.5070558441227158,0.4
2.091,0.331,0.73,0,-0.344,0,1.158,0,0,1.955,11,1399,0.46329636303342603,0.1
-0.457,-0.24,0,0.062,-1.677,2.253,0,1.452,-0.3,-2.243,15,1427,0.03941345482993712,0.1
0.503,0,0,-0.375,-1.528,-0.067,0,0.101,-0.369,0.497,66,2494,0.05400497449374447,0.4
-0.915,0.545,1.883,0,-1.375,1.533,0,0,-0.659,-0.613,10,1044,0.03628005501439233,0.5
-0.931,0,0,-0.004,-2.938,0,0,0.662,0,0.394,11,1399,0.46329636303342603,0.6
0,0,0,1.141,-3.031,0,0,0,0,-0.46,12,1391,0.39244426355853396,0.1
0,0,0,0,0.509,0.329,0,0,0,1.608,1,1097,0.020172657040744786,0.1
-1.602,0,0,0,0.424,0,0,0.243,0,-0.246,3,1393,0.41634447276263925,0.4
0.915,1.291,0.725,-1.021,-0.082,0,0,-1.458,-1.987,-0.724,29,946,0.02919232365438466,0.5
1.418,-1.707,0.004,0.422,0.809,0,-0.265,0,0,-2.216,12,6253,0.12405799348835389,0.1
0.844,0,0,0,2.21,0.588,1.894,0,0,1.068,54,1020,0.026656087912567558,0.4
0.758,-0.642,0,0,-1.461,0,1.243,0,0,0.144,1,97,0.0,0.1
0.563,0,0,0,0.185,-1.318,0.537,0,0,1.096,3,1399,0.41634447276263925,0.4
0,0.16,0,0,-1.275,-0.354,0.093,-1.823,-0.484,0.24,3,1390,0.41634447276263925,0.4
0,0.038,0,-0.539,-2.821,-0.532,-0.843,-0.532,0,-1.956,4,4029,0.27573165190905646,0.1
0,0,-0.498,0,-0.412,-1.669,0,0,0,0.791,12,1388,0.39244426355853396,0.3
0,0,0,0,-0.002,-0.693,0.276,0,0.279,-3.349,26,1431,0.03580112439025558,0.1
-0.083,0,0,-0.305,-1.655,0,0,-0.532,0,0.127,9,4042,0.23069116882454313,0.5
0,0,-1.053,-0.81,-0.244,-0.993,0,0,0,-0.97,27,1069,0.03629346188069237,0.7
0,0,0,0.818,0.79,0,0.715,0,0,1.192,44,1539,0.034343082178743066,0.1
-1.283,0,0,0,2.669,0,-1.294,-0.517,-0.214,0.629,18,1151,0.06424663121848603,0.4
0,-0.241,0,0,1.075,0,0,0,0,-0.348,10,6036,0.1273245904383545,0.3
0,-0.224,0,0,-0.3,0.63,0,0,-0.567,-0.921,25,1071,0.04135127848358178,0.3
-1.217,2.475,0,0,-2.325,0.754,0,0.111,0.784,-3.153,37,1558,0.03521438680052646,0.3
0,1.104,-0.462,0,-1.301,-0.436,0,-0.849,0,2.587,3,4215,0.5418198051533947,0.8
-0.704,0,-0.236,0.756,-0.031,0,0,-0.695,0,0.086,71,1094,0.046579137581908354,0.7
-0.522,0,0.584,0.558,-0.561,0,0.562,0,0,-0.673,12,1385,0.39244426355853396,0.4
0,0.365,0,0,0.181,0,0.856,0,0,-1.309,4,4218,0.5578411254969544,0.3
0,0,0,2.654,-2.457,-0.445,0.08,-0.709,0,2.047,2,2785,0.6319452376491943,0.1
0,1.665,0.187,0,0.138,0,0,-0.206,0,-0.602,12,4215,0.5418198051533948,0.3
0.65,-1.454,0,-0.765,0.015,-1.579,-0.944,0,-0.477,1.567,2,1195,0.7251129317202211,0.1
1.128,-0.433,0.56,-1.929,0.771,-0.201,0,-0.741,1.64,0.928,2,2091,0.05055877915805935,0.1
1.794,0,0,0.149,0.894,0,-1.659,0,-0.601,-0.474,3,3156,0.9022685626272492,0.1
0,0,-1.085,0,-1.653,0,-1.161,0,0,-1.073,2,2356,0.06866746441554683,0.2
0.838,0,0,-1.014,-1.04,0,0.047,0,0.314,-1.402,4,4555,1.0772377182518411,0.1
0,-0.906,-1.829,0,-0.481,-0.36,0,0.008,0,1.073,3,1390,0.41634447276263925,0.6
-0.967,0,-1.205,0,-0.854,0.023,0,0.359,0,0.873,24,4707,0.1365473898434768,0.4
0,1.401,0.277,-0.5,-0.747,-0.979,0.41,1.664,0.019,0.082,1,1715,0.03974142135623731,0.1
0,0.89,0,-0.312,-1.17,1.207,0.191,0,1.344,-1.565,8,7770,1.6973309768326479,0.1
-0.61,-3.229,0,0.428,-0.29,-0.612,-0.588,-1.752,1.532,-2.753,96,2132,0.08171373466437021,0.1
-0.348,-1.517,0.417,0,-0.582,0,0,0,-0.099,-0.435,1,2553,0.051078832731395775,0.3
0,0,0.385,0.961,-0.376,-1.31,0,-0.838,0.697,-2.388,51,1184,0.047074595784634576,0.1
0.624,0.662,0,1.024,-0.906,0.118,-0.111,-0.425,0.552,-0.993,6,4477,0.9794261334876871,0.5
0.752,0,0,-0.367,0.877,0,0,0,-1.505,0.37,11,1390,0.46329636303342603,0.6
0.275,0.547,0,-0.359,-0.767,0.127,0,0,0.108,1.098,12,1388,0.39244426355853396,0.6
-0.104,0,-0.368,0.133,-1.222,1.424,0,-0.185,0,-0.848,20,7576,1.1460383475224545,0.9
-0.691,1.093,0,0.426,0.986,0,0,-0.831,0,-2.32,5,1993,0.03438965983802225,0.5
-0.878,0,-0.338,0,-0.43,-0.383,0,0,0,-1.507,1,1035,0.0199,0.4
1.503,0,0,0,0.533,0,0,0,-0.487,0.876,1,1844,0.04002078065879165,0.4
0,0,0.813,0,-0.092,0.871,0,2.097,0,-0.157,100,52443,1.0395385067106009,0.4
2.091,0.331,0.73,0,-0.344,0,1.158,0,0,1.955,4,4234,0.5738038671967514,0.1
-0.457,-0.24,0,0.062,-1.677,2.253,0,1.452,-0.3,-2.243,12,1391,0.39244426355853396,0.1
0.503,0,0,-0.375,-1.528,-0.067,0,0.101,-0.369,0.497,53,1701,0.049661639141062204,0.4
-0.915,0.545,1.883,0,-1.375,1.533,0,0,-0.659,-0.613,46,1303,0.062151880500167046,0.5
-0.931,0,0,-0.004,-2.938,0,0,0.662,0,0.394,3,1385,0.3437953170128995,0.6
0,0,0,1.141,-3.031,0,0,0,0,-0.46,3,1399,0.41634447276263925,0.1
0,0,0,0,0.509,0.329,0,0,0,1.608,23,1221,0.03728041755480623,0.1
-1.602,0,0,0,0.424,0,0,0.243,0,-0.246,1,2013,0.2248192448817657,0.4
0.915,1.291,0.725,-1.021,-0.082,0,0,-1.458,-1.987,-0.724,11,1399,0.46329636303342603,0.5
1.418,-1.707,0.004,0.422,0.809,0,-0.265,0,0,-2.216,7,1382,0.36826121164195397,0.1
0.844,0,0,0,2.21,0.588,1.894,0,0,1.068,100,47312,1.1235230671919967,0.4
0.758,-0.642,0,0,-1.461,0,1.243,0,0,0.144,3,1396,0.41634447276263925,0.1
0.563,0,0,0,0.185,-1.318,0.537,0,0,1.096,4,4171,0.44276467529817254,0.4
0,0.16,0,0,-1.275,-0.354,0.093,-1.823,-0.484,0.24,11,1396,0.46329636303342603,0.4
0,0.038,0,-0.539,-2.821,-0.532,-0.843,-0.532,0,-1.956,12,1388,0.39244426355853396,0.1
0,0,-0.498,0,-0.412,-1.669,0,0,0,0.791,3,1381,0.2940149996173665,0.3
0,0,0,0,-0.002,-0.693,0.276,0,0.279,-3.349,7,1377,0.24310331137193508,0.1
-0.083,0,0,-0.305,-1.655,0,0,-0.532,0,0.127,40,2174,0.045211218127777064,0.5
0,0,-1.053,-0.81,-0.244,-0.993,0,0,0,-0.97,6,4103,0.3034509667991878,0.7
0,0,0,0.818,0.79,0,0.715,0,0,1.192,5,1377,0.21722320318050742,0.1
-1.283,0,0,0,2.669,0,-1.294,-0.517,-0.214,0.629,4,4269,0.5025722363813196,0.4
0,-0.241,0,0,1.075,0,0,0,0,-0.348,4,1378,0.26870057685088816,0.3
0,-0.224,0,0,-0.3,0.63,0,0,-0.567,-0.921,12,1391,0.39244426355853396,0.3
-1.217,2.475,0,0,-2.325,0.754,0,0.111,0.784,-3.153,3,1396,0.41634447276263925,0.3
0,1.104,-0.462,0,-1.301,-0.436,0,-0.849,0,2.587,84,4219,0.08997694889928164,0.8
-0.704,0,-0.236,0.756,-0.031,0,0,-0.695,0,0.086,57,1891,0.04588433861292268,0.7
-0.522,0,0.584,0.558,-0.561,0,0.562,0,0,-0.673,17,4015,0.7142721423589784,0.4
0,0.365,0,0,0.181,0,0.856,0,0,-1.309,11,1390,0.46329636303342603,0.3
0,0,0,2.654,-2.457,-0.445,0.08,-0.709,0,2.047,1,1132,0.02517477408904583,0.1
0,1.665,0.187,0,0.138,0,0,-0.206,0,-0.602,4,1371,0.26870057685088816,0.3
0.65,-1.454,0,-0.765,0.015,-1.579,-0.944,0,-0.477,1.567,6,2840,1.0091440277006065,0.1
1.128,-0.433,0.56,-1.929,0.771,-0.201,0,-0.741,1.64,0.928,1,1715,0.03974142135623731,0.1
1.794,0,0,0.149,0.894,0,-1.659,0,-0.601,-0.474,8,3381,0.903050141193573,0.1
0,0,-1.085,0,-1.653,0,-1.161,0,0,-1.073,67,2086,0.04481300494442174,0.2
0.838,0,0,-1.014,-1.04,0,0.047,0,0.314,-1.402,88,2160,0.0672563034311921,0.1
0,-0.906,-1.829,0,-0.481,-0.36,0,0.008,0,1.073,11,1140,0.02197198113751655,0.6
-0.967,0,-1.205,0,-0.854,0.023,0,0.359,0,0.873,4,4233,0.5738015125403622,0.4
0,1.401,0.277,-0.5,-0.747,-0.979,0.41,1.664,0.019,0.082,5,1974,0.06646180481544116,0.1
0,0.89,0,-0.312,-1.17,1.207,0.191,0,1.344,-1.565,11,1399,0.46329636303342603,0.1
-0.61,-3.229,0,0.428,-0.29,-0.612,-0.588,-1.752,1.532,-2.753,44,1421,0.05910050348695042,0.1
-0.348,-1.517,0.417,0,-0.582,0,0,0,-0.099,-0.435,12,1391,0.39244426355853396,0.3
0,0,0.385,0.961,-0.376,-1.31,0,-0.838,0.697,-2.388,11,1064,0.3111000000000086,0.1
0.624,0.662,0,1.024,-0.906,0.118,-0.111,-0.425,0.552,-0.993,100,2713,0.08715622951670171,0.5
0.752,0,0,-0.367,0.877,0,0,0,-1.505,0.37,45,1361,0.043307665898428,0.6
0.275,0.547,0,-0.359,-0.767,0.127,0,0,0.108,1.098,3,4233,0.5738038671967514,0.6
-0.104,0,-0.368,0.133,-1.222,1.424,0,-0.185,0,-0.848,1,809,0.0199,0.9
-0.691,1.093,0,0.426,0.986,0,0,-0.831,0,-2.32,11,6004,0.44868383819954877,0.5
-0.878,0,-0.338,0,-0.43,-0.383,0,0,0,-1.507,100,49365,1.1434713884693999,0.4
1.503,0,0,0,0.533,0,0,0,-0.487,0.876,88,2288,0.08612119889437692,0.4
0,0,0.813,0,-0.092,0.871,0,2.097,0,-0.157,3,4233,0.5738038671967514,0.4
2.091,0.331,0.73,0,-0.344,0,1.158,0,0,1.955,1,1886,0.1307790111986036,0.1
-0.457,-0.24,0,0.062,-1.677,2.253,0,1.452,-0.3,-2.243,11,1769,0.039742077846150706,0.1
0.503,0,0,-0.375,-1.528,-0.067,0,0.101,-0.369,0.497,11,1393,0.46329636303342603,0.4
-0.915,0.545,1.883,0,-1.375,1.533,0,0,-0.659,-0.613,4,5641,0.5917896028729503,0.5
-0.931,0,0,-0.004,-2.938,0,0,0.662,0,0.394,11,1393,0.46329636303342603,0.6
0,0,0,1.141,-3.031,0,0,0,0,-0.46,8,1385,0.2940149996173665,0.1
0,0,0,0,0.509,0.329,0,0,0,1.608,11,1390,0.46329636303342603,0.1
-1.602,0,0,0,0.424,0,0,0.243,0,-0.246,1,97,0.0,0.4
0.915,1.291,0.725,-1.021,-0.082,0,0,-1.458,-1.987,-0.724,7,1385,0.36826121164195397,0.5
1.418,-1.707,0.004,0.422,0.809,0,-0.265,0,0,-2.216,2,1036,0.0199,0.1
0.844,0,0,0,2.21,0.588,1.894,0,0,1.068,3,1396,0.41634447276263925,0.4
0.758,-0.642,0,0,-1.461,0,1.243,0,0,0.144,30,7379,1.013884993841005,0.1
0.563,0,0,0,0.185,-1.318,0.537,0,0,1.096,3,1399,0.41634447276263925,0.4
0,0.16,0,0,-1.275,-0.354,0.093,-1.823,-0.484,0.24,2,1064,0.3439,0.4
0,0.038,0,-0.539,-2.821,-0.532,-0.843,-0.532,0,-1.956,3,1382,0.3437953170128995,0.1
0,0,-0.498,0,-0.412,-1.669,0,0,0,0.791,72,3209,0.05746721647745168,0.3
0,0,0,0,-0.002,-0.693,0.276,0,0.279,-3.349,4,1715,0.03974142135766128,0.1
-0.083,0,0,-0.305,-1.655,0,0,-0.532,0,0.127,3,1399,0.41634447276263925,0.5
0,0,-1.053,-0.81,-0.244,-0.993,0,0,0,-0.97,2,1786,0.09552201599796464,0.7
0,0,0,0.818,0.79,0,0.715,0,0,1.192,1,808,0.0199,0.1
-1.283,0,0,0,2.669,0,-1.294,-0.517,-0.214,0.629,12,1385,0.39244426355853396,0.4
0,-0.241,0,0,1.075,0,0,0,0,-0.348,86,1640,0.0575332936465633,0.3
0,-0.224,0,0,-0.3,0.63,0,0,-0.567,-0.921,36,2761,0.07487155190717772,0.3
-1.217,2.475,0,0,-2.325,0.754,0,0.111,0.784,-3.153,1,808,0.0199,0.3
0,1.104,-0.462,0,-1.301,-0.436,0,-0.849,0,2.587,7,1385,0.36826121164195397,0.8
-0.704,0,-0.236,0.756,-0.031,0,0,-0.695,0,0.086,12,4204,0.5093185858225127,0.7
-0.522,0,0.584,0.558,-0.561,0,0.562,0,0,-0.673,100,62780,1.1361172144392215,0.4
0,0.365,0,0,0.181,0,0.856,0,0,-1.309,11,1393,0.46329636303342603,0.3
0,0,0,2.654,-2.457,-0.445,0.08,-0.709,0,2.047,3,5301,1.0882375451065176,0.1
0,1.665,0.187,0,0.138,0,0,-0.206,0,-0.602,1,1790,0.039821739037162726,0.3
0.65,-1.454,0,-0.765,0.015,-1.579,-0.944,0,-0.477,1.567,12,1382,0.39244426355853396,0.1
1.128,-0.433,0.56,-1.929,0.771,-0.201,0,-0.741,1.64,0.928,27,1507,0.0438680405811714,0.1
1.794,0,0,0.149,0.894,0,-1.659,0,-0.601,-0.474,3,1385,0.3437953170128995,0.1
0,0,-1.085,0,-1.653,0,-1.161,0,0,-1.073,12,1739,0.29652132034355966,0.2
0.838,0,0,-1.014,-1.04,0,0.047,0,0.314,-1.402,26,1049,0.03683033227253848,0.1
0,-0.906,-1.829,0,-0.481,-0.36,0,0.008,0,1.073,7,829,0.2604,0.6
-0.967,0,-1.205,0,-0.854,0.023,0,0.359,0,0.873,12,1388,0.39244426355853396,0.4
0,1.401,0.277,-0.5,-0.747,-0.979,0.41,1.664,0.019,0.082,54,1564,0.046379370972990656,0.1
0,0.89,0,-0.312,-1.17,1.207,0.191,0,1.344,-1.565,10,3824,0.09086551919452966,0.1
-0.61,-3.229,0,0.428,-0.29,-0.612,-0.588,-1.752,1.532,-2.753,2,1375,0.03245168448257207,0.1
-0.348,-1.517,0.417,0,-0.582,0,0,0,-0.099,-0.435,87,1343,0.06733386351748023,0.3
0,0,0.385,0.961,-0.376,-1.31,0,-0.838,0.697,-2.388,48,1177,0.04508186525666727,0.1
0.624,0.662,0,1.024,-0.906,0.118,-0.111,-0.425,0.552,-0.993,19,999,0.03301990183719934,0.5
0.752,0,0,-0.367,0.877,0,0,0,-1.505,0.37,100,54535,1.0956579022935742,0.6
0.275,0.547,0,-0.359,-0.767,0.127,0,0,0.108,1.098,20,13210,0.25611934881711523,0.6
-0.104,0,-0.368,0.133,-1.222,1.424,0,-0.185,0,-0.848,40,11650,1.166232377702017,0.9
-0.691,1.093,0,0.426,0.986,0,0,-0.831,0,-2.32,3,1387,0.2940149996173665,0.5
-0.878,0,-0.338,0,-0.43,-0.383,0,0,0,-1.507,2,1967,0.04581257434159095,0.4
1.503,0,0,0,0.533,0,0,0,-0.487,0.876,4,1993,0.04731362763227109,0.4
0,0,0.813,0,-0.092,0.871,0,2.097,0,-0.157,11,1393,0.46329636303342603,0.4
2.091,0.331,0.73,0,-0.344,0,1.158,0,0,1.955,11,1396,0.46329636303342603,0.1
-0.457,-0.24,0,0.062,-1.677,2.253,0,1.452,-0.3,-2.243,1,808,0.0199,0.1
0.503,0,0,-0.375,-1.528,-0.067,0,0.101,-0.369,0.497,58,1602,0.041931472263735135,0.4
-0.915,0.545,1.883,0,-1.375,1.533,0,0,-0.659,-0.613,11,1396,0.46329636303342603,0.5
-0.931,0,0,-0.004,-2.938,0,0,0.662,0,0.394,29,918,0.021435492565458614,0.6
0,0,0,1.141,-3.031,0,0,0,0,-0.46,8,1742,0.12486634540959164,0.1
0,0,0,0,0.509,0.329,0,0,0,1.608,12,1382,0.39244426355853396,0.1
-1.602,0,0,0,0.424,0,0,0.243,0,-0.246,50,2160,0.7575122623778674,0.4
0.915,1.291,0.725,-1.021,-0.082,0,0,-1.458,-1.987,-0.724,71,1565,0.07013811796575493,0.5
1.418,-1.707,0.004,0.422,0.809,0,-0.265,0,0,-2.216,11,1390,0.46329636303342603,0.1
0.844,0,0,0,2.21,0.588,1.894,0,0,1.068,11,1393,0.46329636303342603,0.4
0.758,-0.642,0,0,-1.461,0,1.243,0,0,0.144,11,1390,0.46329636303342603,0.1
0.563,0,0,0,0.185,-1.318,0.537,0,0,1.096,70,1315,0.0417439723535461,0.4
0,0.16,0,0,-1.275,-0.354,0.093,-1.823,-0.484,0.24,100,1767,0.05137710652544781,0.4
0,0.038,0,-0.539,-2.821,-0.532,-0.843,-0.532,0,-1.956,11,4243,0.6362205194208883,0.1
0,0,-0.498,0,-0.412,-1.669,0,0,0,0.791,82,8849,0.24211306037438743,0.3
0,0,0,0,-0.002,-0.693,0.276,0,0.279,-3.349,23,5569,0.7433049688799837,0.1
-0.083,0,0,-0.305,-1.655,0,0,-0.532,0,0.127,4,1382,0.31904657967137035,0.5
0,0,-1.053,-0.81,-0.244,-0.993,0,0,0,-0.97,11,1390,0.46329636303342603,0.7
0,0,0,0.818,0.79,0,0.715,0,0,1.192,5,1393,0.5091168824543142,0.1
-1.283,0,0,0,2.669,0,-1.294,-0.517,-0.214,0.629,12,2510,0.11733057540802981,0.4
0,-0.241,0,0,1.075,0,0,0,0,-0.348,78,2666,0.053586067463942434,0.3
0,-0.224,0,0,-0.3,0.63,0,0,-0.567,-0.921,11,1390,0.46329636303342603,0.3
-1.217,2.475,0,0,-2.325,0.754,0,0.111,0.784,-3.153,44,2156,0.06041637939464157,0.3
0,1.104,-0.462,0,-1.301,-0.436,0,-0.849,0,2.587,12,3356,0.13568907614565356,0.8
-0.704,0,-0.236,0.756,-0.031,0,0,-0.695,0,0.086,12,1391,0.39244426355853396,0.7
-0.522,0,0.584,0.558,-0.561,0,0.562,0,0,-0.673,60,2871,0.060418892608318356,0.4
0,0.365,0,0,0.181,0,0.856,0,0,-1.309,1,1035,0.0199,0.3
0,0,0,2.654,-2.457,-0.445,0.08,-0.709,0,2.047,71,2506,0.049281537940875225,0.1
0,1.665,0.187,0,0.138,0,0,-0.206,0,-0.602,125,89,0.0,0.3
0.65,-1.454,0,-0.765,0.015,-1.579,-0.944,0,-0.477,1.567,100,55823,1.140212967977994,0.1
1.128,-0.433,0.56,-1.929,0.771,-0.201,0,-0.741,1.64,0.928,7,4197,0.4763002092041053,0.1
1.794,0,0,0.149,0.894,0,-1.659,0,-0.601,-0.474,100,1488,0.03798640386993289,0.1
0,0,-1.085,0,-1.653,0,-1.161,0,0,-1.073,3,1396,0.41634447276263925,0.2
0.838,0,0,-1.014,-1.04,0,0.047,0,0.314,-1.402,31,1269,0.03104692653043483,0.1
0,-0.906,-1.829,0,-0.481,-0.36,0,0.008,0,1.073,1,808,0.0199,0.6
-0.967,0,-1.205,0,-0.854,0.023,0,0.359,0,0.873,23,999,0.03189257022722909,0.4
0,1.401,0.277,-0.5,-0.747,-0.979,0.41,1.664,0.019,0.082,100,5619,0.17319120063748075,0.1
0,0.89,0,-0.312,-1.17,1.207,0.191,0,1.344,-1.565,22,8210,1.0210597131363224,0.1
-0.61,-3.229,0,0.428,-0.29,-0.612,-0.588,-1.752,1.532,-2.753,11,4242,0.6362205194208884,0.1
-0.348,-1.517,0.417,0,-0.582,0,0,0,-0.099,-0.435,3,2370,0.26381217175940325,0.3
0,0,0.385,0.961,-0.376,-1.31,0,-0.838,0.697,-2.388,43,2471,0.05375530777463298,0.1
0.624,0.662,0,1.024,-0.906,0.118,-0.111,-0.425,0.552,-0.993,5,1396,0.5091168824543142,0.5
0.752,0,0,-0.367,0.877,0,0,0,-1.505,0.37,2,1294,0.7086445469458535,0.6
0.275,0.547,0,-0.359,-0.767,0.127,0,0,0.108,1.098,68,1497,0.03810484835978999,0.6
-0.104,0,-0.368,0.133,-1.222,1.424,0,-0.185,0,-0.848,11,1396,0.46329636303342603,0.9
-0.691,1.093,0,0.426,0.986,0,0,-0.831,0,-2.32,3,1390,0.41634447276263925,0.5
-0.878,0,-0.338,0,-0.43,-0.383,0,0,0,-1.507,3,1388,0.3437953170128995,0.4
1.503,0,0,0,0.533,0,0,0,-0.487,0.876,13,2908,0.233069896129662,0.4
0,0,0.813,0,-0.092,0.871,0,2.097,0,-0.157,1,97,0.0,0.4
2.091,0.331,0.73,0,-0.344,0,1.158,0,0,1.955,1,1762,0.039743031909489676,0.1
-0.457,-0.24,0,0.062,-1.677,2.253,0,1.452,-0.3,-2.243,10,1837,0.29925535049124263,0.1
0.503,0,0,-0.375,-1.528,-0.067,0,0.101,-0.369,0.497,3,1490,0.31778481192879615,0.4
-0.915,0.545,1.883,0,-1.375,1.533,0,0,-0.659,-0.613,4,1028,0.03691409517946584,0.5
-0.931,0,0,-0.004,-2.938,0,0,0.662,0,0.394,55,1205,0.05713858842494048,0.6
0,0,0,1.141,-3.031,0,0,0,0,-0.46,35,1101,0.04376852201455555,0.1
0,0,0,0,0.509,0.329,0,0,0,1.608,2,1064,0.3439,0.1
-1.602,0,0,0,0.424,0,0,0.243,0,-0.246,11,1393,0.46329636303342603,0.4
0.915,1.291,0.725,-1.021,-0.082,0,0,-1.458,-1.987,-0.724,14,5134,0.8331832088736645,0.5
1.418,-1.707,0.004,0.422,0.809,0,-0.265,0,0,-2.216,11,1393,0.46329636303342603,0.1
0.844,0,0,0,2.21,0.588,1.894,0,0,1.068,85,3111,0.058301402976139824,0.4
0.758,-0.642,0,0,-1.461,0,1.243,0,0,0.144,100,11170,0.21238240639254077,0.1
0.563,0,0,0,0.185,-1.318,0.537,0,0,1.096,11,1718,0.03974143289057216,0.4
0,0.16,0,0,-1.275,-0.354,0.093,-1.823,-0.484,0.24,25,2519,0.057948339463636464,0.4
0,0.038,0,-0.539,-2.821,-0.532,-0.843,-0.532,0,-1.956,10,847,0.01992557386177,0.1
0,0,-0.498,0,-0.412,-1.669,0,0,0,0.791,3,1375,0.11087434329005068,0.3
0,0,0,0,-0.002,-0.693,0.276,0,0.279,-3.349,60,9340,0.5381196478378825,0.1
-0.083,0,0,-0.305,-1.655,0,0,-0.532,0,0.127,19,1895,0.3706580442683386,0.5
0,0,-1.053,-0.81,-0.244,-0.993,0,0,0,-0.97,12,1382,0.39244426355853396,0.7
0,0,0,0.818,0.79,0,0.715,0,0,1.192,100,41757,1.163345826223925,0.1
-1.283,0,0,0,2.669,0,-1.294,-0.517,-0.214,0.629,60,9705,0.279204719262347,0.4
0,-0.241,0,0,1.075,0,0,0,0,-0.348,4,6399,0.39363838938343404,0.3
0,-0.224,0,0,-0.3,0.63,0,0,-0.567,-0.921,5,1390,0.5091168824543142,0.3
-1.217,2.475,0,0,-2.325,0.754,0,0.111,0.784,-3.153,1,1208,0.03225731766058403,0.3
0,1.104,-0.462,0,-1.301,-0.436,0,-0.849,0,2.587,11,1390,0.46329636303342603,0.8
-0.704,0,-0.236,0.756,-0.031,0,0,-0.695,0,0.086,100,4731,0.10028622977934551,0.7
-0.522,0,0.584,0.558,-0.561,0,0.562,0,0,-0.673,42,13211,1.1512241860774735,0.4
0,0.365,0,0,0.181,0,0.856,0,0,-1.309,7,1720,0.03974148247947615,0.3
0,0,0,2.654,-2.457,-0.445,0.08,-0.709,0,2.047,12,4212,0.5418198051533948,0.1
0,1.665,0.187,0,0.138,0,0,-0.206,0,-0.602,5,1396,0.5091168824543142,0.3
0.65,-1.454,0,-0.765,0.015,-1.579,-0.944,0,-0.477,1.567,4,1760,0.038143750012894634,0.1
1.128,-0.433,0.56,-1.929,0.771,-0.201,0,-0.741,1.64,0.928,11,836,0.3111,0.1
1.794,0,0,0.149,0.894,0,-1.659,0,-0.601,-0.474,1,1715,0.03974142135623731,0.1
0,0,-1.085,0,-1.653,0,-1.161,0,0,-1.073,5,1396,0.5091168824543142,0.2
0.838,0,0,-1.014,-1.04,0,0.047,0,0.314,-1.402,17,6348,0.7424330939403583,0.1
0,-0.906,-1.829,0,-0.481,-0.36,0,0.008,0,1.073,100,16968,0.31990419330013653,0.6
-0.967,0,-1.205,0,-0.854,0.023,0,0.359,0,0.873,11,836,0.3111,0.4
0,1.401,0.277,-0.5,-0.747,-0.979,0.41,1.664,0.019,0.082,125,0,0.0,0.1
0,0.89,0,-0.312,-1.17,1.207,0.191,0,1.344,-1.565,11,1390,0.46329636303342603,0.1
-0.61,-3.229,0,0.428,-0.29,-0.612,-0.588,-1.752,1.532,-2.753,2,3179,1.0138367306768286,0.1
-0.348,-1.517,0.417,0,-0.582,0,0,0,-0.099,-0.435,1,807,0.0199,0.3
0,0,0.385,0.961,-0.376,-1.31,0,-0.838,0.697,-2.388,86,2100,0.05547038552797613,0.1
0.624,0.662,0,1.024,-0.906,0.118,-0.111,-0.425,0.552,-0.993,58,1929,0.04298803590584581,0.5
0.752,0,0,-0.367,0.877,0,0,0,-1.505,0.37,1,1036,0.0199,0.6
0.275,0.547,0,-0.359,-0.767,0.127,0,0,0.108,1.098,3,1393,0.41634447276263925,0.6
-0.104,0,-0.368,0.133,-1.222,1.424,0,-0.185,0,-0.848,60,1989,0.03947468749557977,0.9
-0.691,1.093,0,0.426,0.986,0,0,-0.831,0,-2.32,3,1385,0.2940149996173665,0.5
-0.878,0,-0.338,0,-0.43,-0.383,0,0,0,-1.507,11,1393,0.46329636303342603,0.4
1.503,0,0,0,0.533,0,0,0,-0.487,0.876,87,2449,0.04950552658185571,0.4
0,0,0.813,0,-0.092,0.871,0,2.097,0,-0.157,11,1396,0.46329636303342603,0.4
2.091,0.331,0.73,0,-0.344,0,1.158,0,0,1.955,125,0,0.0,0.1
-0.457,-0.24,0,0.062,-1.677,2.253,0,1.452,-0.3,-2.243,39,1128,0.04214447048840229,0.1
0.503,0,0,-0.375,-1.528,-0.067,0,0.101,-0.369,0.497,24,1658,0.03924290745366452,0.4
-0.915,0.545,1.883,0,-1.375,1.533,0,0,-0.659,-0.613,11,1901,0.0560256807462055,0.5
-0.931,0,0,-0.004,-2.938,0,0,0.662,0,0.394,3,808,0.019900000000031268,0.6
0,0,0,1.141,-3.031,0,0,0,0,-0.46,3,1388,0.3437953170128995,0.1
0,0,0,0,0.509,0.329,0,0,0,1.608,16,2094,0.05728961098933809,0.1
-1.602,0,0,0,0.424,0,0,0.243,0,-0.246,12,1385,0.39244426355853396,0.4
0.915,1.291,0.725,-1.021,-0.082,0,0,-1.458,-1.987,-0.724,4,1882,0.04382826466435614,0.5
1.418,-1.707,0.004,0.422,0.809,0,-0.265,0,0,-2.216,1,1080,0.021381662619956117,0.1
0.844,0,0,0,2.21,0.588,1.894,0,0,1.068,2,1058,0.2775,0.4
0.758,-0.642,0,0,-1.461,0,1.243,0,0,0.144,55,1805,0.0389252481065263,0.1
0.563,0,0,0,0.185,-1.318,0.537,0,0,1.096,4,2421,0.32317037970499163,0.4
0,0.16,0,0,-1.275,-0.354,0.093,-1.823,-0.484,0.24,8,1391,0.2940149996173665,0.4
0,0.038,0,-0.539,-2.821,-0.532,-0.843,-0.532,0,-1.956,96,2008,0.08578064774132682,0.1
0,0,-0.498,0,-0.412,-1.669,0,0,0,0.791,4,4233,0.5738038671967514,0.3
0,0,0,0,-0.002,-0.693,0.276,0,0.279,-3.349,2,1990,0.04794946253719418,0.1
-0.083,0,0,-0.305,-1.655,0,0,-0.532,0,0.127,1,2328,0.03975280821477914,0.5
0,0,-1.053,-0.81,-0.244,-0.993,0,0,0,-0.97,100,45002,1.0873582113394065,0.7
0,0,0,0.818,0.79,0,0.715,0,0,1.192,82,1733,0.059893701340873656,0.1
-1.283,0,0,0,2.669,0,-1.294,-0.517,-0.214,0.629,1,1686,0.051560263697477265,0.4
0,-0.241,0,0,1.075,0,0,0,0,-0.348,11,1390,0.46329636303342603,0.3
0,-0.224,0,0,-0.3,0.63,0,0,-0.567,-0.921,35,1151,0.052155122360394435,0.3
-1.217,2.475,0,0,-2.325,0.754,0,0.111,0.784,-3.153,60,3287,0.08820097919358615,0.3
0,1.104,-0.462,0,-1.301,-0.436,0,-0.849,0,2.587,2,3050,0.43046744985440927,0.8
-0.704,0,-0.236,0.756,-0.031,0,0,-0.695,0,0.086,4,4233,0.5738038671967514,0.7
-0.522,0,0.584,0.558,-0.561,0,0.562,0,0,-0.673,1,1036,0.0199,0.4
0,0.365,0,0,0.181,0,0.856,0,0,-1.309,100,13489,1.2420690135228674,0.3
0,0,0,2.654,-2.457,-0.445,0.08,-0.709,0,2.047,20,1110,0.028920739205270423,0.1
0,1.665,0.187,0,0.138,0,0,-0.206,0,-0.602,4,2721,0.09018995262741274,0.3
0.65,-1.454,0,-0.765,0.015,-1.579,-0.944,0,-0.477,1.567,11,1396,0.46329636303342603,0.1
1.128,-0.433,0.56,-1.929,0.771,-0.201,0,-0.741,1.64,0.928,3,3020,0.1572019322983518,0.1
1.794,0,0,0.149,0.894,0,-1.659,0,-0.601,-0.474,3,1382,0.3437953170128995,0.1
0,0,-1.085,0,-1.653,0,-1.161,0,0,-1.073,75,2203,0.09255479872544536,0.2
0.838,0,0,-1.014,-1.04,0,0.047,0,0.314,-1.402,9,4118,0.33905512985522207,0.1
0,-0.906,-1.829,0,-0.481,-0.36,0,0.008,0,1.073,9,1075,0.020429507793049525,0.6
-0.967,0,-1.205,0,-0.854,0.023,0,0.359,0,0.873,100,53045,1.0255079298673515,0.4
0,1.401,0.277,-0.5,-0.747,-0.979,0.41,1.664,0.019,0.082,100,39358,0.8766745393255498,0.1
0,0.89,0,-0.312,-1.17,1.207,0.191,0,1.344,-1.565,100,3917,0.07656672520416562,0.1
-0.61,-3.229,0,0.428,-0.29,-0.612,-0.588,-1.752,1.532,-2.753,1,1036,0.0199,0.1
-0.348,-1.517,0.417,0,-0.582,0,0,0,-0.099,-0.435,6,890,0.02814887774566977,0.3
0,0,0.385,0.961,-0.376,-1.31,0,-0.838,0.697,-2.388,26,3532,0.31037560880621545,0.1
0.624,0.662,0,1.024,-0.906,0.118,-0.111,-0.425,0.552,-0.993,4,1815,0.09839293909713522,0.5
0.752,0,0,-0.367,0.877,0,0,0,-1.505,0.37,1,809,0.0199,0.6
0.275,0.547,0,-0.359,-0.767,0.127,0,0,0.108,1.098,85,1124,0.03334056130737463,0.6
-0.104,0,-0.368,0.133,-1.222,1.424,0,-0.185,0,-0.848,43,983,0.024671330145389192,0.9
-0.691,1.093,0,0.426,0.986,0,0,-0.831,0,-2.32,62,1883,0.03977489268387102,0.5
-0.878,0,-0.338,0,-0.43,-0.383,0,0,0,-1.507,1,2205,0.2359515729531915,0.4
1.503,0,0,0,0.533,0,0,0,-0.487,0.876,76,5133,0.5534652452860103,0.4
0,0,0.813,0,-0.092,0.871,0,2.097,0,-0.157,44,2213,0.04406796731290725,0.4
2.091,0.331,0.73,0,-0.344,0,1.158,0,0,1.955,11,1390,0.46329636303342603,0.1
-0.457,-0.24,0,0.062,-1.677,2.253,0,1.452,-0.3,-2.243,3,1422,0.03456832326186928,0.1
0.503,0,0,-0.375,-1.528,-0.067,0,0.101,-0.369,0.497,11,1390,0.46329636303342603,0.4
-0.915,0.545,1.883,0,-1.375,1.533,0,0,-0.659,-0.613,11,1393,0.46329636303342603,0.5
-0.931,0,0,-0.004,-2.938,0,0,0.662,0,0.394,11,1390,0.46329636303342603,0.6
0,0,0,1.141,-3.031,0,0,0,0,-0.46,12,1385,0.39244426355853396,0.1
0,0,0,0,0.509,0.329,0,0,0,1.608,125,0,0.0,0.1
-1.602,0,0,0,0.424,0,0,0.243,0,-0.246,98,2519,0.06818087695738236,0.4
0.915,1.291,0.725,-1.021,-0.082,0,0,-1.458,-1.987,-0.724,7,4339,0.40848169182967947,0.5
1.418,-1.707,0.004,0.422,0.809,0,-0.265,0,0,-2.216,5,1399,0.5091168824543142,0.1
0.844,0,0,0,2.21,0.588,1.894,0,0,1.068,12,1391,0.39244426355853396,0.4
0.758,-0.642,0,0,-1.461,0,1.243,0,0,0.144,1,2246,0.051422266329554135,0.1
0.563,0,0,0,0.185,-1.318,0.537,0,0,1.096,30,1090,0.03415060211771926,0.4
0,0.16,0,0,-1.275,-0.354,0.093,-1.823,-0.484,0.24,14,7839,1.2838031211125387,0.4
0,0.038,0,-0.539,-2.821,-0.532,-0.843,-0.532,0,-1.956,3,1377,0.24310331137193508,0.1
0,0,-0.498,0,-0.412,-1.669,0,0,0,0.791,23,1907,0.043521913708208196,0.3
0,0,0,0,-0.002,-0.693,0.276,0,0.279,-3.349,16,2529,0.06794134846998535,0.1
-0.083,0,0,-0.305,-1.655,0,0,-0.532,0,0.127,88,2511,0.05364222007169244,0.5
0,0,-1.053,-0.81,-0.244,-0.993,0,0,0,-0.97,12,4215,0.5418198051533948,0.7
0,0,0,0.818,0.79,0,0.715,0,0,1.192,4,4233,0.5738038671967514,0.1
-1.283,0,0,0,2.669,0,-1.294,-0.517,-0.214,0.629,1,1035,0.0199,0.4
0,-0.241,0,0,1.075,0,0,0,0,-0.348,40,1897,0.041096667702694614,0.3
0,-0.224,0,0,-0.3,0.63,0,0,-0.567,-0.921,1,808,0.0199,0.3
-1.217,2.475,0,0,-2.325,0.754,0,0.111,0.784,-3.153,33,4654,0.36640806106854573,0.3
0,1.104,-0.462,0,-1.301,-0.436,0,-0.849,0,2.587,1,2427,0.04193325582244509,0.8
-0.704,0,-0.236,0.756,-0.031,0,0,-0.695,0,0.086,54,1916,0.03958427554005748,0.7
-0.522,0,0.584,0.558,-0.561,0,0.562,0,0,-0.673,2,2265,0.04999276152528395,0.4
0,0.365,0,0,0.181,0,0.856,0,0,-1.309,100,50306,1.0109388224288436,0.3
0,0,0,2.654,-2.457,-0.445,0.08,-0.709,0,2.047,7,1375,0.24310331137193508,0.1
0,1.665,0.187,0,0.138,0,0,-0.206,0,-0.602,59,5726,0.1423258659905648,0.3
0.65,-1.454,0,-0.765,0.015,-1.579,-0.944,0,-0.477,1.567,4,4215,0.5418198051533946,0.1
1.128,-0.433,0.56,-1.929,0.771,-0.201,0,-0.741,1.64,0.928,11,1390,0.46329636303342603,0.1
1.794,0,0,0.149,0.894,0,-1.659,0,-0.601,-0.474,56,15013,1.4214680343829127,0.1
0,0,-1.085,0,-1.653,0,-1.161,0,0,-1.073,7,1385,0.36826121164195397,0.2
0.838,0,0,-1.014,-1.04,0,0.047,0,0.314,-1.402,11,1399,0.46329636303342603,0.1
0,-0.906,-1.829,0,-0.481,-0.36,0,0.008,0,1.073,2,2258,0.11007059943004809,0.6
-0.967,0,-1.205,0,-0.854,0.023,0,0.359,0,0.873,48,2053,0.07112948654680079,0.4
0,1.401,0.277,-0.5,-0.747,-0.979,0.41,1.664,0.019,0.082,62,1275,0.066358819987533,0.1
0,0.89,0,-0.312,-1.17,1.207,0.191,0,1.344,-1.565,4,3240,0.32702017627423263,0.1
-0.61,-3.229,0,0.428,-0.29,-0.612,-0.588,-1.752,1.532,-2.753,3,1381,0.2940149996173665,0.1
-0.348,-1.517,0.417,0,-0.582,0,0,0,-0.099,-0.435,2,3384,0.7737132725344427,0.3
0,0,0.385,0.961,-0.376,-1.31,0,-0.838,0.697,-2.388,47,1933,0.04565080252036256,0.1
0.624,0.662,0,1.024,-0.906,0.118,-0.111,-0.425,0.552,-0.993,37,1223,0.033237152807054894,0.5
0.752,0,0,-0.367,0.877,0,0,0,-1.505,0.37,7,1391,0.36826121164195397,0.6
0.275,0.547,0,-0.359,-0.767,0.127,0,0,0.108,1.098,2,1444,0.03715923414164343,0.6
-0.104,0,-0.368,0.133,-1.222,1.424,0,-0.185,0,-0.848,37,1677,0.0514860494074471,0.9
-0.691,1.093,0,0.426,0.986,0,0,-0.831,0,-2.32,65,2216,0.044273778363360584,0.5
-0.878,0,-0.338,0,-0.43,-0.383,0,0,0,-1.507,3,1377,0.24310331137193508,0.4
1.503,0,0,0,0.533,0,0,0,-0.487,0.876,11,1393,0.46329636303342603,0.4
0,0,0.813,0,-0.092,0.871,0,2.097,0,-0.157,3,1396,0.41634447276263925,0.4
2.091,0.331,0.73,0,-0.344,0,1.158,0,0,1.955,3,1390,0.41634447276263925,0.1
-0.457,-0.24,0,0.062,-1.677,2.253,0,1.452,-0.3,-2.243,1,808,0.0199,0.1
0.503,0,0,-0.375,-1.528,-0.067,0,0.101,-0.369,0.497,3,1579,0.3147876534809938,0.4
-0.915,0.545,1.883,0,-1.375,1.533,0,0,-0.659,-0.613,79,2477,0.062452747398988546,0.5
-0.931,0,0,-0.004,-2.938,0,0,0.662,0,0.394,22,6809,0.7687788681139339,0.6
0,0,0,1.141,-3.031,0,0,0,0,-0.46,11,4300,0.5936692208273311,0.1
0,0,0,0,0.509,0.329,0,0,0,1.608,10,3046,0.06390875125856156,0.1
-1.602,0,0,0,0.424,0,0,0.243,0,-0.246,7,1385,0.36826121164195397,0.4
0.915,1.291,0.725,-1.021,-0.082,0,0,-1.458,-1.987,-0.724,34,936,0.022321828566896254,0.5
1.418,-1.707,0.004,0.422,0.809,0,-0.265,0,0,-2.216,3,1387,0.2940149996173665,0.1
0.844,0,0,0,2.21,0.588,1.894,0,0,1.068,7,1220,0.05100822232915688,0.4
0.758,-0.642,0,0,-1.461,0,1.243,0,0,0.144,54,1767,0.0389986739782677,0.1
0.563,0,0,0,0.185,-1.318,0.537,0,0,1.096,12,1388,0.39244426355853396,0.4
0,0.16,0,0,-1.275,-0.354,0.093,-1.823,-0.484,0.24,46,1155,0.07538416479299412,0.4
0,0.038,0,-0.539,-2.821,-0.532,-0.843,-0.532,0,-1.956,3,1393,0.41634447276263925,0.1
0,0,-0.498,0,-0.412,-1.669,0,0,0,0.791,3,1396,0.41634447276263925,0.3
0,0,0,0,-0.002,-0.693,0.276,0,0.279,-3.349,24,3958,0.8634532582193638,0.1
-0.083,0,0,-0.305,-1.655,0,0,-0.532,0,0.127,2,3978,0.6189865545855385,0.5
0,0,-1.053,-0.81,-0.244,-0.993,0,0,0,-0.97,22,1010,0.03498373621672571,0.7
0,0,0,0.818,0.79,0,0.715,0,0,1.192,1,1036,0.0199,0.1
-1.283,0,0,0,2.669,0,-1.294,-0.517,-0.214,0.629,8,1994,0.04612643373824601,0.4
0,-0.241,0,0,1.075,0,0,0,0,-0.348,2,1503,0.06507971913533436,0.3
0,-0.224,0,0,-0.3,0.63,0,0,-0.567,-0.921,4,1376,0.31904657967137035,0.3
-1.217,2.475,0,0,-2.325,0.754,0,0.111,0.784,-3.153,7,1391,0.36826121164195397,0.3
0,1.104,-0.462,0,-1.301,-0.436,0,-0.849,0,2.587,3,1396,0.41634447276263925,0.8
-0.704,0,-0.236,0.756,-0.031,0,0,-0.695,0,0.086,20,1294,0.03346368304643739,0.7
-0.522,0,0.584,0.558,-0.561,0,0.562,0,0,-0.673,3,1399,0.41634447276263925,0.4
0,0.365,0,0,0.181,0,0.856,0,0,-1.309,53,2361,0.09861104849892377,0.3
0,0,0,2.654,-2.457,-0.445,0.08,-0.709,0,2.047,1,1037,0.0199,0.1
0,1.665,0.187,0,0.138,0,0,-0.206,0,-0.602,100,7269,0.16460243115312082,0.3
0.65,-1.454,0,-0.765,0.015,-1.579,-0.944,0,-0.477,1.567,12,1385,0.39244426355853396,0.1
1.128,-0.433,0.56,-1.929,0.771,-0.201,0,-0.741,1.64,0.928,11,1396,0.46329636303342603,0.1
1.794,0,0,0.149,0.894,0,-1.659,0,-0.601,-0.474,3,1393,0.41634447276263925,0.1
0,0,-1.085,0,-1.653,0,-1.161,0,0,-1.073,3,1382,0.3437953170128995,0.2
0.838,0,0,-1.014,-1.04,0,0.047,0,0.314,-1.402,27,1135,0.030331797346381775,0.1
0,-0.906,-1.829,0,-0.481,-0.36,0,0.008,0,1.073,8,3865,0.4244004880992319,0.6
-0.967,0,-1.205,0,-0.854,0.023,0,0.359,0,0.873,11,1399,0.46329636303342603,0.4
0,1.401,0.277,-0.5,-0.747,-0.979,0.41,1.664,0.019,0.082,125,0,0.0,0.1
0,0.89,0,-0.312,-1.17,1.207,0.191,0,1.344,-1.565,11,1393,0.46329636303342603,0.1
-0.61,-3.229,0,0.428,-0.29,-0.612,-0.588,-1.752,1.532,-2.753,22,1835,0.04441938402687167,0.1
-0.348,-1.517,0.417,0,-0.582,0,0,0,-0.099,-0.435,7,1391,0.36826121164195397,0.3
0,0,0.385,0.961,-0.376,-1.31,0,-0.838,0.697,-2.388,5,1399,0.5091168824543142,0.1
0.624,0.662,0,1.024,-0.906,0.118,-0.111,-0.425,0.552,-0.993,4,1379,0.31904657967137035,0.5
0.752,0,0,-0.367,0.877,0,0,0,-1.505,0.37,100,1639,0.05643081015323719,0.6
0.275,0.547,0,-0.359,-0.767,0.127,0,0,0.108,1.098,3,1385,0.3437953170128995,0.6
-0.104,0,-0.368,0.133,-1.222,1.424,0,-0.185,0,-0.848,4,5204,0.5020662231468045,0.9
-0.691,1.093,0,0.426,0.986,0,0,-0.831,0,-2.32,28,6134,0.1347679916190605,0.5
-0.878,0,-0.338,0,-0.43,-0.383,0,0,0,-1.507,13,4215,0.5418198051533947,0.4
1.503,0,0,0,0.533,0,0,0,-0.487,0.876,40,11462,1.1404353701523413,0.4
0,0,0.813,0,-0.092,0.871,0,2.097,0,-0.157,1,1035,0.0199,0.4
2.091,0.331,0.73,0,-0.344,0,1.158,0,0,1.955,6,2878,1.2178612349400013,0.1
-0.457,-0.24,0,0.062,-1.677,2.253,0,1.452,-0.3,-2.243,100,3790,0.0715870454637375,0.1
0.503,0,0,-0.375,-1.528,-0.067,0,0.101,-0.369,0.497,35,1157,0.03261611807378353,0.4
-0.915,0.545,1.883,0,-1.375,1.533,0,0,-0.659,-0.613,3,4118,0.339055129855222,0.5
-0.931,0,0,-0.004,-2.938,0,0,0.662,0,0.394,3,18442,0.8834760666439117,0.6
0,0,0,1.141,-3.031,0,0,0,0,-0.46,6,4386,1.0335871015525184,0.1
0,0,0,0,0.509,0.329,0,0,0,1.608,5,4042,0.23069116882454313,0.1
-1.602,0,0,0,0.424,0,0,0.243,0,-0.246,9,4720,0.40078657833941195,0.4
0.915,1.291,0.725,-1.021,-0.082,0,0,-1.458,-1.987,-0.724,14,5157,1.3427901216962461,0.5
1.418,-1.707,0.004,0.422,0.809,0,-0.265,0,0,-2.216,100,2954,0.0569396979061461,0.1
0.844,0,0,0,2.21,0.588,1.894,0,0,1.068,16,2972,0.15362833709353527,0.4
0.758,-0.642,0,0,-1.461,0,1.243,0,0,0.144,45,1200,0.057342367146966444,0.1
0.563,0,0,0,0.185,-1.318,0.537,0,0,1.096,7,829,0.2431,0.4
0,0.16,0,0,-1.275,-0.354,0.093,-1.823,-0.484,0.24,3,1396,0.41634447276263925,0.4
0,0.038,0,-0.539,-2.821,-0.532,-0.843,-0.532,0,-1.956,52,1698,0.03774267617249786,0.1
0,0,-0.498,0,-0.412,-1.669,0,0,0,0.791,28,2357,0.10423441236052909,0.3
0,0,0,0,-0.002,-0.693,0.276,0,0.279,-3.349,72,14005,1.2360117814831197,0.1
-0.083,0,0,-0.305,-1.655,0,0,-0.532,0,0.127,4,2236,0.04332271143009018,0.5
0,0,-1.053,-0.81,-0.244,-0.993,0,0,0,-0.97,12,1382,0.39244426355853396,0.7
0,0,0,0.818,0.79,0,0.715,0,0,1.192,1,1302,0.11334105925189297,0.1
-1.283,0,0,0,2.669,0,-1.294,-0.517,-0.214,0.629,11,1399,0.46329636303342603,0.4
0,-0.241,0,0,1.075,0,0,0,0,-0.348,16,1186,0.03265821302952418,0.3
0,-0.224,0,0,-0.3,0.63,0,0,-0.567,-0.921,11,1396,0.46329636303342603,0.3
-1.217,2.475,0,0,-2.325,0.754,0,0.111,0.784,-3.153,3,1391,0.3437953170128995,0.3
0,1.104,-0.462,0,-1.301,-0.436,0,-0.849,0,2.587,58,1043,0.028176039970260136,0.8
-0.704,0,-0.236,0.756,-0.031,0,0,-0.695,0,0.086,3,1391,0.3437953170128995,0.7
-0.522,0,0.584,0.558,-0.561,0,0.562,0,0,-0.673,1,2864,0.20316081153210117,0.4
0,0.365,0,0,0.181,0,0.856,0,0,-1.309,11,3294,0.07128366330239705,0.3
0,0,0,2.654,-2.457,-0.445,0.08,-0.709,0,2.047,1,2083,0.051701544217907305,0.1
0,1.665,0.187,0,0.138,0,0,-0.206,0,-0.602,7,4203,0.5093185858225127,0.3
0.65,-1.454,0,-0.765,0.015,-1.579,-0.944,0,-0.477,1.567,6,1375,0.21722320318050742,0.1
1.128,-0.433,0.56,-1.929,0.771,-0.201,0,-0.741,1.64,0.928,24,2170,0.07281960038960349,0.1
1.794,0,0,0.149,0.894,0,-1.659,0,-0.601,-0.474,4,4233,0.5738038671967514,0.1
0,0,-1.085,0,-1.653,0,-1.161,0,0,-1.073,9,3865,0.4689376913276299,0.2
0.838,0,0,-1.014,-1.04,0,0.047,0,0.314,-1.402,3,1396,0.41634447276263925,0.1
0,-0.906,-1.829,0,-0.481,-0.36,0,0.008,0,1.073,59,2209,0.19782174249914125,0.6
-0.967,0,-1.205,0,-0.854,0.023,0,0.359,0,0.873,100,50099,1.0838783319728815,0.4
0,1.401,0.277,-0.5,-0.747,-0.979,0.41,1.664,0.019,0.082,34,7592,1.338522121452345,0.1
0,0.89,0,-0.312,-1.17,1.207,0.191,0,1.344,-1.565,22,4761,0.7191797981310591,0.1
-0.61,-3.229,0,0.428,-0.29,-0.612,-0.588,-1.752,1.532,-2.753,3,1383,0.19106025227660517,0.1
-0.348,-1.517,0.417,0,-0.582,0,0,0,-0.099,-0.435,12,1391,0.39244426355853396,0.3
0,0,0.385,0.961,-0.376,-1.31,0,-0.838,0.697,-2.388,3,4234,0.5738038671967514,0.1
0.624,0.662,0,1.024,-0.906,0.118,-0.111,-0.425,0.552,-0.993,11,1396,0.46329636303342603,0.5
0.752,0,0,-0.367,0.877,0,0,0,-1.505,0.37,1,2174,0.1826242223917842,0.6
0.275,0.547,0,-0.359,-0.767,0.127,0,0,0.108,1.098,62,1836,0.058322256279373166,0.6
-0.104,0,-0.368,0.133,-1.222,1.424,0,-0.185,0,-0.848,2,3485,0.193473954849393,0.9
-0.691,1.093,0,0.426,0.986,0,0,-0.831,0,-2.32,1,808,0.0199,0.5
-0.878,0,-0.338,0,-0.43,-0.383,0,0,0,-1.507,3,1725,0.03978015021203621,0.4
1.503,0,0,0,0.533,0,0,0,-0.487,0.876,12,4212,0.5418198051533948,0.4
0,0,0.813,0,-0.092,0.871,0,2.097,0,-0.157,7,829,0.2431,0.4
2.091,0.331,0.73,0,-0.344,0,1.158,0,0,1.955,63,1895,0.04990001257542797,0.1
-0.457,-0.24,0,0.062,-1.677,2.253,0,1.452,-0.3,-2.243,38,1713,0.11915822292954649,0.1
0.503,0,0,-0.375,-1.528,-0.067,0,0.101,-0.369,0.497,2,2270,0.06692191278869125,0.4
-0.915,0.545,1.883,0,-1.375,1.533,0,0,-0.659,-0.613,40,982,0.03360521079179949,0.5
-0.931,0,0,-0.004,-2.938,0,0,0.662,0,0.394,3,4233,0.5738038671967514,0.6
0,0,0,1.141,-3.031,0,0,0,0,-0.46,3,2850,0.29377476170963596,0.1
0,0,0,0,0.509,0.329,0,0,0,1.608,36,12108,1.5069572732586267,0.1
-1.602,0,0,0,0.424,0,0,0.243,0,-0.246,5,1306,0.03224660529830716,0.4
0.915,1.291,0.725,-1.021,-0.082,0,0,-1.458,-1.987,-0.724,12,2207,0.04901868982028361,0.5
1.418,-1.707,0.004,0.422,0.809,0,-0.265,0,0,-2.216,86,3454,0.07021344398193335,0.1
0.844,0,0,0,2.21,0.588,1.894,0,0,1.068,20,1071,0.028850669716311655,0.4
0.758,-0.642,0,0,-1.461,0,1.243,0,0,0.144,3,1393,0.41634447276263925,0.1
0.563,0,0,0,0.185,-1.318,0.537,0,0,1.096,11,1396,0.46329636303342603,0.4
0,0.16,0,0,-1.275,-0.354,0.093,-1.823,-0.484,0.24,54,1915,0.038859997431956485,0.4
0,0.038,0,-0.539,-2.821,-0.532,-0.843,-0.532,0,-1.956,39,1840,0.039779683211304484,0.1
0,0,-0.498,0,-0.412,-1.669,0,0,0,0.791,22,858,0.020079827684365066,0.3
0,0,0,0,-0.002,-0.693,0.276,0,0.279,-3.349,11,1393,0.46329636303342603,0.1
-0.083,0,0,-0.305,-1.655,0,0,-0.532,0,0.127,125,0,0.0,0.5
0,0,-1.053,-0.81,-0.244,-0.993,0,0,0,-0.97,24,13163,1.01745745564467,0.7
0,0,0,0.818,0.79,0,0.715,0,0,1.192,4,1376,0.31904657967137035,0.1
-1.283,0,0,0,2.669,0,-1.294,-0.517,-0.214,0.629,47,2179,0.04773890802540576,0.4
0,-0.241,0,0,1.075,0,0,0,0,-0.348,1,1793,0.042161448687307104,0.3
0,-0.224,0,0,-0.3,0.63,0,0,-0.567,-0.921,11,1399,0.46329636303342603,0.3
-1.217,2.475,0,0,-2.325,0.754,0,0.111,0.784,-3.153,11,1390,0.46329636303342603,0.3
0,1.104,-0.462,0,-1.301,-0.436,0,-0.849,0,2.587,11,1396,0.46329636303342603,0.8
-0.704,0,-0.236,0.756,-0.031,0,0,-0.695,0,0.086,7,4627,0.5091207274721163,0.7
-0.522,0,0.584,0.558,-0.561,0,0.562,0,0,-0.673,3,1390,0.41634447276263925,0.4
0,0.365,0,0,0.181,0,0.856,0,0,-1.309,4,4234,0.5738038671967514,0.3
0,0,0,2.654,-2.457,-0.445,0.08,-0.709,0,2.047,100,32337,1.234801044028573,0.1
0,1.665,0.187,0,0.138,0,0,-0.206,0,-0.602,1,1715,0.03974142135623731,0.3
0.65,-1.454,0,-0.765,0.015,-1.579,-0.944,0,-0.477,1.567,5,1399,0.5091168824543142,0.1
1.128,-0.433,0.56,-1.929,0.771,-0.201,0,-0.741,1.64,0.928,89,2230,0.38264321184693506,0.1
1.794,0,0,0.149,0.894,0,-1.659,0,-0.601,-0.474,100,2674,0.060459140652618655,0.1
0,0,-1.085,0,-1.653,0,-1.161,0,0,-1.073,3,1793,0.40871198410471443,0.2
0.838,0,0,-1.014,-1.04,0,0.047,0,0.314,-1.402,44,993,0.03507062204821292,0.1
0,-0.906,-1.829,0,-0.481,-0.36,0,0.008,0,1.073,12,7456,1.026686079482517,0.6
-0.967,0,-1.205,0,-0.854,0.023,0,0.359,0,0.873,12,1385,0.39244426355853396,0.4
0,1.401,0.277,-0.5,-0.747,-0.979,0.41,1.664,0.019,0.082,5,1393,0.5091168824543142,0.1
0,0.89,0,-0.312,-1.17,1.207,0.191,0,1.344,-1.565,3,1390,0.41634447276263925,0.1
-0.61,-3.229,0,0.428,-0.29,-0.612,-0.588,-1.752,1.532,-2.753,4,4138,0.374142135623731,0.1
-0.348,-1.517,0.417,0,-0.582,0,0,0,-0.099,-0.435,7,1388,0.36826121164195397,0.3
0,0,0.385,0.961,-0.376,-1.31,0,-0.838,0.697,-2.388,4,1720,0.03974234896495606,0.1
0.624,0.662,0,1.024,-0.906,0.118,-0.111,-0.425,0.552,-0.993,100,2729,0.06458771576681507,0.5
0.752,0,0,-0.367,0.877,0,0,0,-1.505,0.37,11,1390,0.46329636303342603,0.6
0.275,0.547,0,-0.359,-0.767,0.127,0,0,0.108,1.098,11,1399,0.46329636303342603,0.6
-0.104,0,-0.368,0.133,-1.222,1.424,0,-0.185,0,-0.848,3,2534,0.15376250973453423,0.9
-0.691,1.093,0,0.426,0.986,0,0,-0.831,0,-2.32,4,2855,0.10548092938467546,0.5
-0.878,0,-0.338,0,-0.43,-0.383,0,0,0,-1.507,4,4701,0.9606942112145014,0.4
1.503,0,0,0,0.533,0,0,0,-0.487,0.876,94,2455,0.09112502357292526,0.4
0,0,0.813,0,-0.092,0.871,0,2.097,0,-0.157,44,1136,0.04799817226844141,0.4
2.091,0.331,0.73,0,-0.344,0,1.158,0,0,1.955,7,1382,0.36826121164195397,0.1
-0.457,-0.24,0,0.062,-1.677,2.253,0,1.452,-0.3,-2.243,11,1396,0.46329636303342603,0.1
0.503,0,0,-0.375,-1.528,-0.067,0,0.101,-0.369,0.497,59,1220,0.060283232456554356,0.4
-0.915,0.545,1.883,0,-1.375,1.533,0,0,-0.659,-0.613,73,2403,0.06033983252468663,0.5
-0.931,0,0,-0.004,-2.938,0,0,0.662,0,0.394,18,6683,0.1652359984610145,0.6
0,0,0,1.141,-3.031,0,0,0,0,-0.46,1,1036,0.0199,0.1
0,0,0,0,0.509,0.329,0,0,0,1.608,1,807,0.0199,0.1
-1.602,0,0,0,0.424,0,0,0.243,0,-0.246,26,2170,0.05832400596013349,0.4
0.915,1.291,0.725,-1.021,-0.082,0,0,-1.458,-1.987,-0.724,18,5374,0.14393455361195912,0.5
1.418,-1.707,0.004,0.422,0.809,0,-0.265,0,0,-2.216,3,1399,0.41634447276263925,0.1
0.844,0,0,0,2.21,0.588,1.894,0,0,1.068,35,2032,0.2117621142834575,0.4
0.758,-0.642,0,0,-1.461,0,1.243,0,0,0.144,3,1393,0.41634447276263925,0.1
0.563,0,0,0,0.185,-1.318,0.537,0,0,1.096,62,1251,0.06130891446983336,0.4
0,0.16,0,0,-1.275,-0.354,0.093,-1.823,-0.484,0.24,4,1896,0.04250263072279797,0.4
0,0.038,0,-0.539,-2.821,-0.532,-0.843,-0.532,0,-1.956,3,1399,0.41634447276263925,0.1
0,0,-0.498,0,-0.412,-1.669,0,0,0,0.791,2,2447,0.2855921312437476,0.3
0,0,0,0,-0.002,-0.693,0.276,0,0.279,-3.349,2,852,0.9826458659680749,0.1
-0.083,0,0,-0.305,-1.655,0,0,-0.532,0,0.127,50,1538,0.03757674846503005,0.5
0,0,-1.053,-0.81,-0.244,-0.993,0,0,0,-0.97,100,2364,0.051495897381403935,0.7
0,0,0,0.818,0.79,0,0.715,0,0,1.192,12,1382,0.39244426355853396,0.1
-1.283,0,0,0,2.669,0,-1.294,-0.517,-0.214,0.629,4,2209,0.06950877615613152,0.4
0,-0.241,0,0,1.075,0,0,0,0,-0.348,2,1218,0.02439584956643281,0.3
0,-0.224,0,0,-0.3,0.63,0,0,-0.567,-0.921,18,1846,0.26524855529881314,0.3
-1.217,2.475,0,0,-2.325,0.754,0,0.111,0.784,-3.153,5,4945,0.6913766415895177,0.3
0,1.104,-0.462,0,-1.301,-0.436,0,-0.849,0,2.587,26,9729,0.2524252125696131,0.8
-0.704,0,-0.236,0.756,-0.031,0,0,-0.695,0,0.086,100,4558,0.09439032329991087,0.7
-0.522,0,0.584,0.558,-0.561,0,0.562,0,0,-0.673,60,1823,0.040038609123149806,0.4
0,0.365,0,0,0.181,0,0.856,0,0,-1.309,18,995,0.03258814570716901,0.3
0,0,0,2.654,-2.457,-0.445,0.08,-0.709,0,2.047,7,1382,0.36826121164195397,0.1
0,1.665,0.187,0,0.138,0,0,-0.206,0,-0.602,25,1098,0.031317513305750264,0.3
0.65,-1.454,0,-0.765,0.015,-1.579,-0.944,0,-0.477,1.567,3,1399,0.41634447276263925,0.1
1.128,-0.433,0.56,-1.929,0.771,-0.201,0,-0.741,1.64,0.928,3,1393,0.41634447276263925,0.1
1.794,0,0,0.149,0.894,0,-1.659,0,-0.601,-0.474,3,1396,0.41634447276263925,0.1
0,0,-1.085,0,-1.653,0,-1.161,0,0,-1.073,11,4118,0.33905512985522207,0.2
0.838,0,0,-1.014,-1.04,0,0.047,0,0.314,-1.402,3,1381,0.19106025227660517,0.1
0,-0.906,-1.829,0,-0.481,-0.36,0,0.008,0,1.073,32,5288,0.11318342098515886,0.6
-0.967,0,-1.205,0,-0.854,0.023,0,0.359,0,0.873,10,1464,0.057528280131846535,0.4
0,1.401,0.277,-0.5,-0.747,-0.979,0.41,1.664,0.019,0.082,7,1382,0.36826121164195397,0.1
0,0.89,0,-0.312,-1.17,1.207,0.191,0,1.344,-1.565,7,1385,0.36826121164195397,0.1
-0.61,-3.229,0,0.428,-0.29,-0.612,-0.588,-1.752,1.532,-2.753,5,1390,0.5091168824543142,0.1
-0.348,-1.517,0.417,0,-0.582,0,0,0,-0.099,-0.435,11,1792,0.041638879430939156,0.3
0,0,0.385,0.961,-0.376,-1.31,0,-0.838,0.697,-2.388,3,1390,0.41634447276263925,0.1
0.624,0.662,0,1.024,-0.906,0.118,-0.111,-0.425,0.552,-0.993,100,3897,0.06843295304176296,0.5
0.752,0,0,-0.367,0.877,0,0,0,-1.505,0.37,100,3012,0.09413666904604241,0.6
0.275,0.547,0,-0.359,-0.767,0.127,0,0,0.108,1.098,86,2780,0.055236037657172984,0.6
-0.104,0,-0.368,0.133,-1.222,1.424,0,-0.185,0,-0.848,100,52046,1.1243899918331604,0.9
0.071,0,-0.182,0.166,0.218,-0.154,0,-0.577,0,-1.527,92,2475,0.05113781537038018,0.5
-0.985,1.067,0.363,0,0.014,0,-0.88,-1.628,-2.39,-1.356,3,4233,0.5738038671967514,0.2
0,-0.453,0,0,1.728,0,-1.518,1.093,0,-0.607,58,19122,0.7653466454769241,0.6
-2.881,0,0.203,-0.678,1.64,0,-0.224,0.672,0.947,-0.006,12,1385,0.39244426355853396,0.1
0.316,-0.513,0.222,0,-1.753,-0.134,1.413,-2.327,0.061,1.758,3,1393,0.41634447276263925,0.1
0,0.353,0.236,0,-1.078,-1.15,1.537,0,-1.166,-0.862,4,4170,0.44276467529817254,0.2
0.695,1.697,1.705,-0.719,-0.69,0,-2.265,0,0,0.398,12,1391,0.39244426355853396,0.1
0,1.127,-1.112,1.05,1.193,-0.829,0,0.933,0,1.935,10,3300,0.2742016870308308,0.4
-0.527,-0.112,0,0,-0.728,0,0,0.076,1.509,1.543,12,1660,0.34984458393421075,0.3
0,0,0.798,-0.413,0.16,0,0,0,0.71,0.347,37,1676,0.1014209169344764,0.5
-0.842,1.381,1.973,0,-0.261,0,-2.15,2.935,0,-2.042,12,1388,0.39244426355853396,0.1
0,0.733,0.547,-1.184,-0.078,1.044,0,0,0,1.056,1,1720,0.03974142135623731,0.2
0,0,1.348,0,0.444,0,0,0.213,0,1.629,23,1023,0.035662387634248185,0.3
-0.689,2.383,0.116,0.43,2.268,0,0,1.577,0.773,-0.192,14,1895,0.3812716235985914,0.4
0.167,0.081,1.623,-0.236,-0.04,0.148,-0.167,0.289,0.136,-1.154,4,1382,0.31904657967137035,0.1
0,0,0,0,-2.152,-0.405,0,0,0,0.66,1,807,0.0199,0.1
-1.936,-1.072,0.619,-0.296,-2.489,0,-0.395,-0.352,1.602,1.169,3,1399,0.41634447276263925,0.1
-1.459,0,0.023,0,1.418,0.481,-1.351,-0.277,-1.343,-0.912,2,2155,0.05693986963054126,0.4
0.09,-0.96,0.555,0,1.346,0,0,1.298,0.375,-1.868,2,2115,0.053611405955393425,0.4
0.571,0,0,0,0.928,0,-0.727,-1.089,0,0.555,36,2924,0.16322464428726025,0.4
2.467,0,0.986,0,0.21,2.091,0,0,1.42,-1.793,125,89,0.0,0.1
-0.228,0.12,0,0,-1.403,-0.735,0.47,-0.152,-0.134,0.811,66,2574,0.05382577172175936,0.5
0,0,0,0,0.967,-0.294,0,0,0.08,-0.509,17,863,0.020148825734044213,0.1
0,-0.395,0,-0.374,-2.436,1.755,1.052,0.553,0.403,-1.239,11,1393,0.46329636303342603,0.1
0,0.106,0,0,1.985,-0.114,-0.164,0,0.193,2.163,71,1373,0.08949659507876657,0.4
-1.157,0,0,0,-0.076,-1.068,-0.654,-0.53,-0.527,-1.231,4,2950,0.09522536418792604,0.4
0,-1.016,0.453,-0.583,-1.034,-0.341,0,0,-0.958,1.522,12,4214,0.5418198051533948,0.2
0.498,-0.44,0,-0.701,-0.332,-0.995,0,0.209,0.317,0.309,5,4197,0.4763002092041053,0.2
0,0.122,0.031,0,1.569,0.577,0,0,-1.318,-1.541,1,1894,0.0401215234000422,0.3
0.804,-0.706,0.635,0,0.535,0.555,1.165,0.337,0,0.162,3,1385,0.2940149996173665,0.1
0.103,0,0.633,0.071,-1.217,0,-1.416,0,0,-0.324,100,45377,1.152610068686763,0.8
0,0,0.023,0,-1.269,-1.692,0,0,0.11,-0.165,53,1345,0.05577086952949753,0.5
-0.281,0,0,0,0.522,0.139,0.407,0.538,0,-1.596,57,1429,0.05019460001707589,0.4
0,1.247,-0.187,0,0.158,0,1.058,0.2,-3.086,0.373,4,5315,1.3667793787956983,0.4
0,-0.425,0,0,2.888,0,0,0.123,0,0.986,4,3450,0.9397278119911155,0.4
-0.01,-0.235,-0.598,0,0.192,0.007,-1.224,0,-1.768,0.875,32,18885,1.0215452320932834,0.8
0,-1.535,-1.059,0,-2.213,0,0,0,1.133,2.886,11,4133,0.4900102597104442,0.1
0.729,0,0,0,-0.827,0,0.373,-2.419,0,-0.757,89,2390,0.09477220812260255,0.4
-1.899,2.078,0,0,0.99,-0.457,-0.122,0.504,1.346,-0.714,12,1388,0.39244426355853396,0.1
0.586,0,0,-0.436,-1.076,0,1.484,0.369,0,0.551,3,1393,0.41634447276263925,0.1
-0.246,0,-0.028,0,-1.062,0,-0.681,0,0,2.061,22,1186,0.029663804569782973,0.3
0,-2.025,0.846,0,1.121,0,0,1.355,0,3.621,64,2202,0.0934211633546226,0.4
0,0,0,0,-1.541,0.87,0,0,0,1.619,1,808,0.0199,0.1
0.307,0,0,0,0.608,0.088,0.226,0,0,-1.388,30,1093,0.04402445666367979,0.4
0,0,0,-1.802,1.162,0.257,-0.839,0,0.997,-0.397,4,1379,0.31904657967137035,0.1
-1.009,0,0,0,0.806,0,-3.054,-0.906,-1.812,-0.398,6,4747,0.6174699373283687,0.3
0,0,0,0,0.302,0,-0.047,0,0,2.074,1,808,0.0199,0.1
0,0,0,0,-1.103,0.92,0,0.957,0,0.296,1,2535,0.3594193362167229,0.3
0.176,0,-1.921,-0.582,2.896,0.498,0.643,1.346,0,-2.693,125,0,0.0,0.1
0.276,-0.812,0,0.701,0.077,-0.569,0,0,0.085,0.948,100,2965,0.06323018790835268,0.7
1.481,-0.319,0,0,-3.017,0,-0.553,1.163,0,-0.43,11,1399,0.46329636303342603,0.1
-0.907,-0.22,0.595,0,0.283,0,0,0,0.2,-0.62,6,3807,0.11195787452320789,0.5
0,0.206,0,0,1.03,0,-0.758,0,0.698,-1.027,18,4850,0.7212153175942556,0.6
0,0.106,-1.952,0.501,-1.111,-0.701,0.282,-0.136,0,0.573,100,46345,0.9006729546639688,0.8
0,0,-1.629,-0.171,1.266,0.863,-0.399,-0.827,0,-3.243,14,2848,0.08104094017822996,0.4
0,-0.85,0,0.349,-1.616,0,0.444,0,-0.456,-0.316,3,1393,0.41634447276263925,0.1
0,0,0,0,0.716,-0.119,0,-0.779,-0.145,-1.432,2,1023,0.02646005507368623,0.3
0,-1.992,0,0,0.256,0,0,0,0,0.154,2,1533,0.042840318002655385,0.3
0,0.295,0,0,-1.515,-0.405,0.574,0,0,0.575,86,2176,0.049178264946167664,0.4
-1.379,0,-2.224,0,0.808,0,0,-0.067,0.132,0.088,12,2260,0.06122157331045707,0.3
-0.581,0,1.086,0,1.06,0,0,-0.909,1.527,0.219,70,1756,0.03748970994746275,0.4
0,0,0,0,-1.73,0.2,0,0,0,0.046,1,808,0.0199,0.1
0,-0.765,-0.506,-1.213,0.839,0,0,-0.992,0,3.191,4,3764,0.646201303752886,0.4
1.661,0,0.291,0,2.434,0,-0.015,0,0.847,-0.186,125,0,0.0,0.1
0,-1.098,-0.239,-0.943,-0.386,0,0,1.557,0,1.098,85,1910,0.0656266697886503,0.4
0.991,-1.278,0.704,-1.094,1.777,-2.572,0,-0.135,1.357,1.362,3,1393,0.41634447276263925,0.1
0,-0.328,-1.974,0,-1.531,-1.168,0,0,-0.814,3.472,125,0,0.0,0.1
-0.719,0,-1.519,-1.554,0.246,0,0,0,0,0.523,2,1493,0.04075437957861858,0.3
1.203,0,0,-0.659,1.282,0,0,0,0.088,2.441,67,2770,0.15527729511454066,0.4
0.417,0,0.447,0,0.19,0.683,-0.524,-0.712,-0.582,2.395,3,1941,0.05366847592989481,0.3
0.048,1.307,0.344,0,-0.119,0,-1.35,0,-1.494,-1.542,3,4233,0.5738038671967514,0.2
0,0.046,0,-0.98,-2.25,0,0.874,1.29,0,-0.255,3,1393,0.41634447276263925,0.1
0,0,-1.588,-0.939,-4.501,-0.931,-1.045,0,-0.214,-2.403,5,1399,0.5091168824543142,0.1
0,0,0,0.674,1.439,0,-0.676,-0.351,0.974,0.829,3,1388,0.3437953170128995,0.1
0,-2.339,0,0,1.116,-0.672,-0.041,0,-0.627,0.357,3,1399,0.41634447276263925,0.1
0,0,0,0,0.928,-0.61,0,0,0,1.371,1,808,0.0199,0.1
0,0,2.614,-1.125,1.709,1.168,0,0,0,1.353,1,1715,0.03974142135623731,0.2
0,0,1.339,-0.535,-1.486,0,0.553,0,0,-1.09,1,1725,0.03974142135623731,0.2
0,0,0.064,-0.964,0.993,0.459,0,0,-0.365,-1.083,4,1385,0.31904657967137035,0.1
0.078,-1.743,0,0,-1.128,-0.43,0,0.092,-0.925,1.077,11,4241,0.6360155314857431,0.2
0.546,0,0.344,0,-0.486,-0.634,0,0,-0.908,1.405,40,17457,1.1016379869515032,0.6
0,-0.388,0,2.189,1.179,0.647,0,0,-0.836,-0.036,3,1383,0.19106025227660517,0.1
0,-1.564,0.186,-0.056,-1.619,0,-1.602,0,0,1.75,11,1399,0.46329636303342603,0.1
-0.305,0,-0.049,0.23,-0.132,-0.279,0.969,-0.969,0,-1.114,14,10281,1.4138350287031212,0.7
0.376,1.088,0.124,-1.414,-0.653,-0.079,-1.306,0,0.13,0.382,80,2062,0.051733571488043924,0.6
0,0,0,0,1.856,-0.382,1.544,0.236,-0.366,0.456,6,1591,0.88399328917777,0.4
0,0,0,0,1.001,0,0,-0.822,0.033,1.881,2,1283,0.045145127459541766,0.4
0.862,0,0,0.025,0.386,0,0,1.45,-0.027,-0.827,8,1387,0.2940149996173665,0.1
0,-1.009,0,-0.223,-0.022,0.582,-0.564,0,0,-0.819,3,1381,0.21722320318050747,0.1
0,0,2.02,-1.389,-1.512,-1.215,0,0,-2.014,0.3,3,1399,0.41634447276263925,0.1
1.974,0.308,0.151,0.65,0.436,0,0.888,0,0,0.166,12,1382,0.39244426355853396,0.1
0,0,-1.057,0,0.231,1.065,0.24,0,0.378,-0.478,100,33682,1.1619344561647305,0.7
-0.756,0,0,1.47,0.57,0,-0.114,0,0.032,-2.161,3,1396,0.41634447276263925,0.1
1.515,0,0,-0.306,1.368,0.344,-0.57,0,0,0.056,7,4682,0.4548536458016582,0.3
0,-0.476,0.13,-0.09,1.644,-1.554,0,0,1.714,-0.193,11,1393,0.46329636303342603,0.1
0,-0.113,0,-0.103,2.186,1.848,0,0,0,0.647,100,35234,0.9445999182061392,0.8
1.08,0.54,0.444,-2.219,-0.258,0,0,0,-0.257,-1.332,9,1378,0.2687005768508881,0.1
-1.233,0,0,-0.216,-0.507,0.276,0.662,0.213,-1.196,0.91,9,1387,0.19106025227660517,0.1
0,0.039,-0.185,0,1.495,0,0,0,0.077,1.752,31,1075,0.03980491849210871,0.3
0.045,0.746,0,0,1.654,1.656,0,-1.045,0,0.617,12,10729,0.4789706020571106,0.6
-1.228,0,0,0,0.599,1.322,0,0,0,2.183,18,2140,0.08189102433934523,0.4
0.274,0,-1.584,-0.264,-0.435,0,0.722,0,0.011,-0.316,32,1807,0.05617188023834585,0.4
0.275,0.939,1.634,0,0.642,0,0,0,-2.408,-2.734,5,4934,0.695671103094515,0.1
0,0,-1.62,0,0.663,0,0,0,0.57,-0.296,30,1236,0.03065844635706103,0.4
0,0.742,0,-0.283,0.208,0,1.118,0,0.151,0.615,29,1246,0.038809878004446505,0.4
0,0,0,0,-0.113,0,1.096,-0.94,0,0.767,2,2235,0.1579191905025953,0.3
0,0,0,0.719,-0.583,-1.376,0,0,0.437,1.897,7,1382,0.36826121164195397,0.1
0,0,0,-0.927,-0.668,1.24,0,1.605,0,-1.962,77,2067,0.07162152874762918,0.2
0,0,0,-0.995,1.04,-2.391,-0.65,-2.366,0,-0.119,4,4212,0.5418198105822789,0.2
0,0.233,0,1.809,1.621,-1.752,0.081,-1.395,0,-1.302,3,1390,0.41634447276263925,0.1
0.685,1.191,0.735,0,-0.584,0.692,0,1.871,-0.656,1.212,92,3525,0.07515164741975515,0.5
0,0,0,0,-2.615,1.443,0.635,0,0,-1.126,1,807,0.0199,0.1
0.514,0,0.192,-0.306,-1.478,0,-1.982,0.143,0.221,3.463,11,1393,0.46329636303342603,0.1
0,-0.613,-0.83,1.859,-2.867,-0.854,0.463,0,-0.988,0.363,3,1396,0.41634447276263925,0.1
0,0,-0.157,0,0.088,0,0,0,-0.081,-1.374,27,1025,0.03523227087991269,0.3
1.068,0,0.693,0.78,1.364,-0.749,0,0,0,-0.595,6,1718,0.039741421441213856,0.2
0,0.536,-1.169,0,-1.417,0.058,-1.884,-1.427,0,1.842,3,1396,0.41634447276263925,0.1
2.132,0.156,0,-0.102,2.139,0,0,1.246,0,-0.609,29,2340,0.11619464168942983,0.3
1.471,-1.203,-1.999,0,-0.916,-0.54,0.089,-0.166,0,1.203,11,1393,0.46329636303342603,0.1
0,0,0,0,3.116,0,0,0.149,0.573,-1.759,2,830,0.9999990667188747,0.1
0,1.182,0,0,-2.381,0,-1.268,0,1.606,1.866,11,1396,0.46329636303342603,0.1
-2.234,-0.386,0.576,0,0.165,0,-1.113,0.149,0.518,0.432,9,4172,0.40871198410471443,0.2
-1.086,-1.074,0,-1.386,0.94,0,0,-1.299,-2.103,1.708,11,1399,0.46329636303342603,0.1
0,0,0,0,1.263,-0.445,0,0,-1.335,0.838,65,987,0.028611899646500977,0.3
-0.172,-0.906,0,-1.204,-0.648,1.094,0,-0.658,0,-0.285,100,2220,0.054579414386608606,0.3
0,1.467,0.588,0.251,0.662,0,0,0.394,0,0.122,21,1931,0.30838077544642395,0.3
1.537,1.021,0,0,-0.146,0,0,0.823,-1.423,-0.654,16,1898,0.33191012116007523,0.4
1.904,-0.436,0,0,-0.785,0,0,0.693,0,2.348,22,3539,0.35351819827560693,0.4
0,-1.691,0,-0.907,-2.752,0,0.941,1.137,-1.369,1.267,5,1393,0.5091168824543142,0.1
0.22,0.608,0,-0.163,-3.633,0,-0.264,0,-2.025,2.931,5,1399,0.5091168824543142,0.1
0,0,0.798,0.158,-0.287,0.003,-1.448,0.395,0.383,-0.392,100,50706,1.0742256169292461,0.7
-0.258,-0.899,0.937,0,-1.863,0,0.054,-0.564,0,-1.718,11,1393,0.46329636303342603,0.1
-1.81,-0.1,0,-0.517,0.16,0.34,-2.135,0.581,-0.826,-0.681,3,1399,0.41634447276263925,0.1
-3.079,-0.064,0,0.277,0.341,-1.118,0.717,0,-0.537,1.158,3,1385,0.3437953170128995,0.1
0,-0.523,0,0,-0.356,-1.317,0,0,0,-2.375,49,1162,0.04658160948847663,0.3
0,0,0,0,-0.34,-0.616,-0.953,0,0,1.603,1,807,0.0199,0.1
0,0,0,0,1.153,0,0,-0.666,0.319,1.234,15,824,0.02015240768902503,0.1
-0.647,1.424,0,0.669,2.175,-0.397,0,0.018,-0.973,-2.449,11,4243,0.6362205194208884,0.2
1.953,0,0,-0.215,-1.508,0,0,0,0,0.122,57,1282,0.040351349854493845,0.3
0.655,-1.404,0.684,0,-1.546,-1.655,0.656,0,0,1.267,11,1393,0.46329636303342603,0.1
0,0,0.734,0,-1.086,1.161,0,0.602,0,1.576,40,1663,0.12675816561375156,0.4
1.9,0,1.504,-1.434,0.532,0.49,0.612,-0.635,-1.186,1.274,12,1391,0.39244426355853396,0.1
0.185,0.43,0,0.396,-0.009,0,0,0.065,0.214,-2.073,75,2101,0.05225516135666942,0.3
0,-2.336,0,0.055,0.394,0,-1.42,0,1.481,-0.964,100,54111,1.0378782180726485,0.7
0,1.343,0,-2.186,0.968,0,0.209,-0.247,-1.3,-1.368,3,1390,0.41634447276263925,0.1
0,-1.496,-1.102,0,-0.445,-0.514,-0.425,0,0.916,-0.245,3,1391,0.3437953170128995,0.1
-0.525,-2.082,0,0,0.382,0,-0.206,-1.229,0.28,0.983,80,10336,1.253427935837956,0.6
0,0,-1.086,0,-0.67,0.373,0,0,-0.932,-0.417,51,2431,0.04730847353851226,0.6
0,0,0,-0.521,0.009,0,0.784,0.033,-0.012,1.347,3,1391,0.3437953170128995,0.1
-1.46,0,0,0,-1.559,0.073,1.226,1.339,-0.858,2.536,6,2155,0.05689586899611607,0.3
0,0,0,0,-1.009,-0.655,0.256,-0.057,0,0.631,13,847,0.019964211806076087,0.2
-1.398,0.295,-0.905,0,-0.188,0,0.774,0,0,0.045,3,1371,0.21722320318050747,0.1
0,0.103,0,0,-0.473,0,-0.797,0.181,0,-1.721,21,1057,0.031188599243418828,0.3
0,-1.056,0.267,-1.053,0.547,-1.514,0.845,0.185,0,-1.6,11,1393,0.46329636303342603,0.1
0.785,0,0,0,0.247,-1.191,-1.328,0,0,-1.818,75,1690,0.14242143983794475,0.4
1.672,0,-0.667,-0.606,-1.039,-0.139,0,0,0.204,2.244,7,1385,0.36826121164195397,0.1
0,0,0.555,0.512,-2.29,0,-0.676,0,0,-1.847,12,4300,0.9915059233440545,0.2
1.089,0,1.151,-0.325,-0.528,0,0,-0.603,0.005,-0.196,46,3338,0.24388512675779583,0.4
0,-0.024,-0.019,0,-0.125,-1.088,-0.332,0.623,1.083,-0.149,62,1675,0.05515408479628385,0.5
0,-0.258,0,0,1.356,0,0,0.629,0,-2.275,76,1986,0.060218438151256895,0.5
0,0,-0.024,0,-2.109,0.432,0.805,0,0.29,-0.651,3,1725,0.03974142135638934,0.2
-1.22,0.743,-0.923,1.708,-0.405,0,0.704,0,0,0.049,3,1381,0.2940149996173665,0.1
-0.154,-1.923,0,0,2.356,0,-1.203,0.155,0.147,-0.404,5,1399,0.5091168824543142,0.1
1.14,0,0,0,-0.674,0.801,0,0,0.498,-0.174,3,2473,0.1695677536702967,0.4
0.279,0,-1.777,0,-0.443,0.209,0.151,0,1.713,-0.036,26,1502,0.03892967599455471,0.3
-0.581,-0.895,-0.225,0,0.378,0.089,0,0,-1.022,-2.66,22,2337,0.03975374418383173,0.3
0.229,0.961,0,-0.842,0.601,0,-1.865,0,0,-0.167,7,1391,0.36826121164195397,0.1
0,0.57,0,0.878,-0.792,-2.086,0,0,1.112,1.956,11,1390,0.46329636303342603,0.1
0,-0.455,-1.261,0,1.744,0,-0.868,-1.412,0,0.815,12,1391,0.39244426355853396,0.1
0,1.333,0.138,0,0.887,-0.339,0,0,0,-0.536,27,1922,0.039818091741442345,0.1
-1.218,0,-0.686,0,-1.259,0,0.044,-0.782,1.163,-1.86,2,2445,0.07942467577413961,0.4
0,0.213,0,0,-0.765,-0.617,0,0.973,0,1.387,9,3735,0.4832697196178824,0.4
-0.233,0,-0.726,-0.588,-1.468,-1.615,0,0.106,1.543,-1.096,11,1393,0.46329636303342603,0.1
-1.645,0,0,0,-1.422,0,0,0.232,0,0.706,26,2162,0.05695418192476629,0.3
0,0,0.554,-0.341,-2.098,0,0.376,0,1.525,-0.484,3,1393,0.41634447276263925,0.1
0,0,-0.081,0,-0.11,0,1.446,0,0,-0.827,16,1387,0.03738119622787066,0.3
0,-0.501,0.331,1.396,1.939,0.701,0,0,0,-1.494,5,4170,0.44276467529817254,0.2
0.455,0,0,-0.757,-1.773,0,-1.329,0.647,0,-1.964,11,1399,0.46329636303342603,0.1
-0.077,0,-0.938,-0.771,0.163,-0.14,2.117,0,0,0.757,6,1799,0.03997556407773779,0.3
-0.092,0.826,0,-1.597,0.108,0.242,0,0,0,2.065,11,4667,0.6202509516490814,0.3
-0.949,0.484,0,-0.856,-1.796,0,-2.295,0,-0.921,-0.07,11,1399,0.46329636303342603,0.1
-0.89,-0.158,-0.751,0.437,0.477,-0.483,0,1.544,0,1.242,87,2085,0.07512887179087475,0.4
0,0,0,-0.008,0.014,0.686,0.142,0,-0.957,-0.17,37,1106,0.042207357609340704,0.3
-0.856,0,0,0,-1.941,0,0,0.329,-2.782,1.547,12,4658,0.3919612262788629,0.5
-1.152,-0.529,0,0,2.556,0,0,0,0.349,1.441,3,1385,0.3437953170128995,0.1
2.949,-1.349,0,0.652,2.308,-0.162,0.864,0,0,0.447,11,1393,0.46329636303342603,0.1
0.09,0,0.542,0,0.096,0,-1.199,0,0,-2.121,4,1881,0.04185277436495833,0.2
0.917,0.16,0,1.296,-1.502,0,0,-0.063,0,-0.822,31,1217,0.045919757635684615,0.3
0,0.538,0,0,-1.991,0,0,-0.99,0,-1.329,100,34355,1.2275714069841042,0.7
1.616,0,0,0,-0.429,0,0,0,0.372,-0.562,78,2213,0.07378734533089455,0.4
0,-0.256,0.795,0,1.392,1.052,0,0,1.001,-0.642,14,10110,0.21169441995405286,0.5
0,0,0,0.415,0.264,0,-0.311,-0.62,0,0.062,64,2626,0.04895564538783713,0.3
-0.102,-0.576,-0.957,0,0.18,0.921,0,0,0.981,0.335,100,10493,0.23968524855400014,0.7
-1.439,0,0.269,0,0.275,0,0,-0.694,0,-0.606,100,2542,0.07533237486079437,0.5
0,-1.33,-0.75,0,2.409,1.59,1.462,0,-0.214,-1.736,11,1393,0.46329636303342603,0.1
0,0,-0.931,-0.603,-0.287,1.551,0,0.6,0,1.426,40,2165,0.08738518622341332,0.3
-1.099,0,-1.03,-0.618,-0.466,0,-1.027,0,0.744,0.676,100,40443,1.0624604068812498,0.9
0,-0.254,1.151,0,1.829,0,0,0,0.685,-0.042,4,2117,0.046785234391582574,0.3
-1.273,1.14,0,0,-0.581,-1.33,0.226,0,1.047,-0.78,13,4742,0.7680935195545793,0.4
0,0,-1.006,0.449,0.751,0,-0.508,0,0,3.625,100,59828,1.179655380403443,0.9
0.977,0,0,0,-0.37,-0.227,-0.217,-0.349,0,1.29,100,4736,0.8640458956695016,0.5
-1.606,-0.479,-1.892,0,-0.275,2.27,0,-0.632,-0.875,-0.593,52,1849,0.0419369962394521,0.5
0.461,-0.654,0,-0.134,0.626,0,-0.806,-0.456,0.027,0.459,64,2020,0.049325047319632324,0.4
0,-0.754,0,0,-1.35,0,0,1.302,-0.093,-0.935,3,4120,0.4993067242667258,0.2
0,0,0,-1.545,-0.936,-0.145,0,0,0.294,-0.109,17,1543,0.03883474826161218,0.3
0,0,0,0,-1.408,2.482,-2.371,0,-0.654,-2.093,1,808,0.0199,0.1
1.161,1.981,0,0,0.345,0,-0.168,2.17,-1.847,-1.888,3,1396,0.41634447276263925,0.1
0,1.286,-0.964,-0.147,1.177,0,0,0,-0.198,0.342,9,1809,0.040064800909780464,0.2
0,-1.267,0,0,-1.999,0,-1.226,-0.059,0.202,2.139,11,1399,0.46329636303342603,0.1
1.287,-1.6,-0.933,0,1.478,1.107,-0.872,0,-0.044,0.393,7,1391,0.36826121164195397,0.1
0,-0.774,0,0.383,0.056,0,0,-0.973,-0.463,1.184,84,17088,1.2271103124111709,0.5
0,0,2.173,0.174,-0.828,-0.928,0.553,0,-0.386,-0.008,3,1387,0.2940149996173665,0.1
1.425,0,0,2.584,1.139,-0.154,0,0,-1.494,1.822,11,1396,0.46329636303342603,0.1
0,0.575,-2.082,0.35,-0.353,0,-0.192,0,0,1.53,100,4821,0.09347867313560453,0.5
-1.069,-0.609,-0.389,-2.337,-1.208,0,0.394,-1.018,0,0.611,12,1385,0.39244426355853396,0.1
0.041,0,0.127,0.43,-1.946,1.652,0,-0.618,-0.34,-0.157,7,1388,0.36826121164195397,0.1
0,0,-0.016,0,-1.043,0,-0.764,0.506,0.19,-2.066,50,1466,0.03877289100988493,0.3
0,1.424,0.749,1.422,-2.412,-0.65,0.08,0.985,1.886,0.615,11,1390,0.46329636303342603,0.1
-0.183,-0.985,0.379,0,-0.1,0,0,0,0.149,-0.126,15,954,0.028691146777941542,0.2
-0.05,1.917,0,0,-0.53,0,0.477,-0.836,0.376,1.406,2,2652,1.056438048192263,0.2
-1.167,-0.96,0.706,0,-0.18,0,0,1.673,0.473,2.025,11,4864,0.6308162629261224,0.2
0,-0.362,0.859,0.526,-0.286,1.159,-0.537,0,0.793,0.155,30,10993,1.0351740911123306,0.5
-1.041,-0.518,-0.224,0,-1.669,0.441,-0.78,1.584,1.85,0.401,8,4172,0.40871198410471443,0.2
0,-1.319,0,0,-1.047,1.433,0,0,0,2.04,4,4233,0.5738038671967514,0.2
0,-0.074,0,0,1.372,0,-1.075,0,0,0.259,22,1079,0.02916829196351671,0.3
0,-0.502,0,0,1.644,-0.483,1.647,0,0,-0.526,8,3756,1.1749738891780108,0.4
0,0.353,-0.488,0,2.615,0,-1.211,0,-0.042,-0.149,3,1396,0.41634447276263925,0.1
-0.801,0.016,1.427,0,-1.937,-1.819,0,0.633,0,-0.087,97,2206,0.054384561618554934,0.6
1.23,0,0,-0.359,1.244,0,-1.381,0,-0.435,1.539,12,1391,0.39244426355853396,0.1
0.924,0,0,0,3.026,0,0,-1.491,0,0.244,54,3573,0.26148470063849205,0.3
1.27,0,-1.035,0,-0.345,1.295,-0.801,0.2,0.709,0.951,42,2352,0.10966577372913067,0.3
-0.48,0,0,0.817,-0.757,1.966,0,0,0,-0.205,11,1817,0.035357135175588965,0.2
0,0.181,0,-0.423,-0.135,0,0,0,0,-0.498,1,1079,0.020012626949563805,0.1
0.157,0,-0.445,0,2.02,1.178,0,0,0.803,3.849,100,2763,0.05336777894607618,0.5
2.254,-0.811,0,0,-1.579,0.899,0,0,1.982,-2.13,11,1393,0.46329636303342603,0.1
0.91,0,0,0,-1.15,1.814,0,0.271,0.66,-1.07,5,3388,0.4197635278113662,0.3
0,0,0,0,-2.217,0,-0.535,0.007,0,2.131,8,812,0.020038862166078978,0.1
-0.182,0,0,0,1.148,0,-0.179,0.237,0.044,-0.483,21,1128,0.029760873315012162,0.2
0,0,-0.713,1.287,0.639,0.081,-1.267,-0.21,0.739,-1.667,11,1390,0.46329636303342603,0.1
0.956,0,0,0.069,-0.365,3.011,0,-0.449,0,0.514,90,1431,0.05513656275697939,0.5
0,0.25,-1.114,0,1.311,-0.371,0.651,0,0,0.692,97,2105,0.05304079660254663,0.5
0,0,0,1.079,-0.159,-0.728,0,0,-0.932,1.897,12,1388,0.39244426355853396,0.1
0,0,1.135,0.04,-0.531,-1.383,0.523,0,0,-1.934,4,4275,0.7832118974495368,0.2
0,1.182,0,-0.113,-1.232,1.323,0,0,-0.165,-0.113,100,39233,1.0220860317553455,0.8
0.828,0,0,0,-0.024,0,0.895,2.054,-0.96,0.44,53,1989,0.11837776880601178,0.5
0.654,0.333,0,0.855,0.669,-1.259,-0.151,0,0.889,0.152,7,1382,0.36826121164195397,0.1
-1.303,0.15,0,0,-0.153,1.916,0,0.31,0.454,0.009,2,3286,0.9950784404829554,0.3
0,0,0,0.056,-0.081,0,0,0,-0.346,-2.578,12,1388,0.39244426355853396,0.1
0,0.207,0,0,-0.053,-0.346,1.505,-1.837,0,-0.858,63,2027,0.04794149602077044,0.3
0.578,-0.447,0.182,0,2.362,0,0,-0.022,0.184,-2.126,18,5545,0.1838317416582407,0.6
1.019,0,0,1.233,-0.585,0,0,0,-0.35,0.243,9,4428,0.5688504511183538,0.4
0,0.555,-0.453,0,0.546,0.52,0,0,1.348,0.028,125,0,0.0,0.1
0.214,0.967,0.022,-0.934,-1.785,-0.439,0,0,0,-0.276,1,1718,0.03974142135623731,0.2
0.706,0,0,0,0.375,-1.895,0,0.344,1.897,-0.518,5,2038,0.08543947138497521,0.3
-1.132,0,-0.373,1.968,-2.21,0,0,-0.08,0.724,0.509,4,1371,0.26870057685088816,0.1
0.125,-0.015,-0.402,0,4.094,0,0,0,0.233,1.317,3,4117,0.33905512985522207,0.2
-0.257,2.062,0.505,0.051,0.145,0.995,0,0.554,-1.309,1.429,7,4205,0.5093185858225127,0.2
0.907,0,0,-0.303,-0.743,0,1.482,0,1.416,3.437,5,1393,0.5091168824543142,0.1
0,0.165,0.26,0,-0.532,1.241,0,-0.444,0,-0.947,8,1558,0.05587483106919085,0.5
-0.099,0,0,0,-0.494,0,0.433,0,0,1.851,16,1082,0.028748725736073424,0.4
0,-1.696,-1.592,1.014,-1.742,0.953,-0.454,0,-0.376,-0.324,11,1399,0.46329636303342603,0.1
1.043,0,-0.55,0,-0.979,0,-0.065,0,0,-0.3,75,1438,0.11653423344614007,0.5
-0.283,0,0,1.115,0.377,-0.284,-0.306,-0.877,-0.295,-1.309,12,1388,0.39244426355853396,0.1
0,-0.509,0,0.195,0.059,0,0,0.049,-0.914,0.123,18,1268,0.03023100803511561,0.3
-0.92,-0.802,0,-0.623,0.008,0,-0.176,0.277,0,1.168,100,4278,0.10798561013196281,0.8
0,1.406,0,0,-0.854,0.248,-2.547,-0.229,-1.032,1.83,2,3229,0.9491480971778905,0.2
0,0,-1.739,-0.446,0.097,0,0,0,-0.224,-0.053,9,946,0.028681107701184948,0.1
0.297,0,-0.573,0,0.012,-1.634,0,0,-1.794,2.019,10,44011,0.8316127877081771,0.7
0,-0.819,0,0.55,-0.099,0,0.421,0,0,0.999,80,14538,1.2130938180144586,0.5
0,0,1.155,-0.316,-1.314,0.109,0,0,0,4.464,38,1434,0.036815500782251716,0.5
-0.207,0,0,0,1.022,0,-0.361,0,0.064,-0.755,24,1376,0.032237242862225846,0.4
0,0.509,0,0,-0.518,0,0,-1.479,-0.826,0.373,20,4803,0.7205826214774088,0.5
0.429,0,0,-0.009,1.268,0.359,0,0,0,2.04,36,1109,0.04583722683151474,0.4
-0.697,-0.491,-0.996,0,-0.154,1.175,1.297,0.533,-0.86,2.648,7,4204,0.5093185858225127,0.2
0,-0.155,1.416,-0.041,1.133,0,-0.923,-0.55,0.995,2.057,12,1385,0.39244426355853396,0.1
-1.244,0,-0.314,0,-1.385,0,-0.406,0,0,0.893,2,2435,0.08486136179114208,0.3
0.427,0,1.422,0,2.206,0,0.792,0,0,0.814,1,1950,0.05424704395104569,0.3
0,-0.534,0,0.148,2.043,0,0,-0.637,0,0.476,16,7142,1.0180994923254851,0.5
0,0.835,0,0,0.873,0.548,0.643,0.559,0,-0.016,12,1382,0.39244426355853396,0.1
0,-1.031,0,0.254,-1.116,0,0.922,0,0,-0.821,3,1393,0.41634447276263925,0.2
0,-0.932,0,0.12,-0.148,-2.126,0.06,0.062,0.124,-1.153,54,3803,0.07785652542349637,0.5
0,1.87,-1.786,0,0.161,0.348,0,-1.197,0,0.353,100,6576,0.23496625093491638,0.7
-0.495,0,0.149,0,1.41,0,0,0,0,0.752,2,1258,0.026272513084424166,0.3
0,0,1.495,-1.327,-1.898,-0.416,-0.965,2.261,0,-0.459,11,1399,0.46329636303342603,0.1
-0.282,0,0,0,1.104,-1.244,0,1.716,0,-2.736,68,2151,0.06831316034321046,0.3
0,0.387,0,0,-1.144,0,0.575,0,-1.219,1.167,19,6132,0.7697264108999573,0.5
1.271,0,1.073,0,2.001,-0.134,0.275,0.002,0,-3.019,1,2351,0.10941780842800693,0.3
0,-0.713,0,0,-1.126,0.461,0,0,0,-0.723,13,4212,0.5418198051533947,0.2
-3.207,2.617,0,-0.617,-0.728,0.672,0,1.754,0,1.967,67,2012,0.06540711154175265,0.3
0,0,0,-0.573,0.422,-0.613,0,0.303,0,0.526,88,2202,0.07531937568968101,0.5
0,0,0,0,0.618,0,0.642,0,0.499,0.751,3,821,0.2256,0.1
0.138,-0.14,0,0,2.151,0,1.055,-1.188,0,-2.81,38,2627,0.08947113571062199,0.3
0,0,0,0,1.181,0,0,0,0,-0.315,1,97,0.0,0.1
-0.719,0,-1.142,-0.247,-1.242,0,0.453,0,0.075,-1.226,46,13202,0.2517479875568579,0.6
0,0,0,0,-0.343,0,0,0,0.257,-1.653,83,1129,0.03352150780719811,0.3
0,0,0,0,-2.141,0,-1.681,0.793,0,-1.464,47,1377,0.09243389577353026,0.4
0,0,-0.956,0,-0.239,-0.375,0.008,0.21,0.283,-0.005,66,1760,0.1268395812682382,0.4
0,1.998,-0.029,0.745,1.627,0.632,0.396,-1.823,-0.515,-1.098,5,1390,0.5091168824543142,0.1
0,0,0,0,-0.586,0,0,0,0,-0.601,1,97,0.0,0.1
0.036,0,0,0,-1.317,0,0.03,0,-0.878,-1.152,11,1786,0.040473157939599186,0.2
0,0,-0.273,0.409,-0.066,0.879,0,0,0,0.739,51,2134,0.04627264541533863,0.3
0,0,0,0.508,-0.304,0,0.499,-0.012,0,0.369,32,1327,0.03386908886424874,0.4
0,0.459,2.144,1.531,2.025,0,0,0,1.158,0.115,21,1900,0.3042461027388481,0.2
-0.848,0.079,-0.292,0.213,-2.249,0.377,0,0.51,0,-0.424,95,2712,0.05380672140575691,0.4
-1.296,0,1.498,0.72,-3.212,0.525,-0.057,0,0.656,0.846,7,1382,0.36826121164195397,0.2
-1.799,0,0,0,0.046,0,0,0,1.094,-0.399,66,2353,0.06269228657751483,0.3
-0.008,0,0,0,1.635,0.633,0,0,0,-1.551,8,905,0.02814463304464729,0.1
0.666,0,0,-1.065,-0.608,0.283,0,-3.181,0.741,-1.705,12,1385,0.39244426355853396,0.1
0,-1.263,0,-0.757,-0.068,2.371,0,0.547,0,0.721,1,2020,0.06313718028857444,0.2
-0.506,0,1.414,1.827,0.496,0.486,0.003,0,0.177,-0.383,88,4145,0.0799818245901517,0.5
1.001,-0.776,0,0.081,2.186,-2.2,0,0.402,0,2.801,1,1927,0.05283628612860159,0.2
0,-0.369,-1.168,0,-0.008,0,-0.038,0,0,-1.356,4,3665,0.1969143599051083,0.5
0.667,0.964,-1.581,0.255,-1.308,-0.448,0,0.307,0,-0.277,24,12952,1.0509071549365108,0.7
0,0.142,-1.372,-0.21,0.05,1.254,0.184,0,0,-0.072,3,1375,0.1646144586602283,0.1
0,-0.422,0,0,-0.031,0,1.168,0,0,-0.908,9,940,0.02889645190460524,0.1
-0.196,0,-0.805,0,-0.505,0,0,0,0,0.897,1,1120,0.02068671052181972,0.2
0,-1.659,0,0,-0.955,0,-1.643,-3.347,0,-1.376,11,1399,0.46329636303342603,0.1
0,-0.794,0.989,0,-2.35,0.499,0,0,-0.305,0.397,100,3929,0.0839060071907536,0.5
-0.204,0,0,-1.409,-2.189,-1.507,0,0.727,0.707,-2.447,11,1393,0.46329636303342603,0.1
-0.323,0,1.813,0,1.919,0,0,0.237,0,0.47,26,1062,0.03904617754266014,0.3
-0.579,0,-1.34,0.028,-3.449,0,0.11,0,-1.264,1.007,3,1388,0.3437953170128995,0.1
0,-0.453,-1.086,-1.104,0.669,0,0,0.684,0,0.057,92,1705,0.0752468549252956,0.4
0,0,0,0,0.361,0,0,-0.427,-0.119,-0.102,39,970,0.023857219075481276,0.3
0.559,0.973,0,-0.421,-0.921,0,0.383,0,0,-1.933,3,1382,0.3437953170128995,0.1
-0.743,-0.764,0.93,0,1.118,-0.166,0,0,0,-1.081,64,2259,0.049300520750113305,0.3
1.348,0,-2.296,-1.505,0.18,0,0,0,0,-0.842,1,1533,0.07485772228828112,0.4
-1.507,0,0,0.098,1.68,-1.793,0,2.466,-1.149,0.276,3,1396,0.41634447276263925,0.1
-0.967,0,-0.062,0.46,0.482,0,0,-2.259,-1.542,1.069,3,1396,0.41634447276263925,0.1
0,0.729,0,0,0.844,-1.497,-0.173,0.064,0,0.325,7,1388,0.36826121164195397,0.1
0,-0.741,0,0,-0.562,0,-0.44,0.77,0,-3.714,4,1385,0.31904657967137035,0.1
0.598,0,-1.108,0.387,0.309,0,0,-0.709,0,0.503,100,2985,0.06055609401974889,0.4
0,0,0,0.665,-1.335,0,0,1.81,0.683,1.608,11,1390,0.46329636303342603,0.1
0,0,0,0,-0.322,0,-0.083,0.171,0.525,-0.206,13,851,0.019975381895608307,0.1
0,0,0.882,0.092,0.081,-0.294,-0.789,1.485,0.666,-0.08,100,1754,0.1573279046597916,0.3
0,0.543,-0.096,2.211,-0.238,0.151,0,0.729,0,-1.538,125,0,0.0,0.1
0,0,1.24,0,3.055,0,-0.243,0.186,-0.497,-0.789,3,1715,0.03975015390628872,0.2
-2.262,1.89,-0.977,0.539,-0.365,0,0,0.372,0,-0.779,20,1604,0.05128894193790955,0.3
-0.559,0,0,0,3.273,1.929,-0.35,-0.179,-0.883,-0.782,18,5622,0.7270054469963437,0.6
0,-0.686,-1.44,-0.085,1.323,0,0,0,1.958,-0.051,6,3401,1.0122135388321571,0.3
0,0,-3.032,0,0.92,0,0,0.256,-2.447,1.466,11,4243,0.6362205194208883,0.2
0.632,0,0,-1.686,-3.977,-0.703,0,0,1.162,0.848,11,1393,0.46329636303342603,0.1
-0.896,0.447,1.447,0,-1.267,1.783,0,0,0.793,-2.477,83,2581,0.06430210066193642,0.5
0,0.313,0,1.34,2.624,0,0,0,-0.622,-0.42,7,1773,0.19353553390593273,0.1
0.277,-0.481,0.964,0,3.106,0,0,-0.226,-0.29,0.466,42,5798,0.7219037300545953,0.4
-1.959,-1.527,0,1.963,0.33,0,-0.967,0,1.804,0.429,3,1382,0.3437953170128995,0.1
1.009,0.319,-0.039,-0.972,-1.033,-1.08,0.615,0,0,1.621,3,1390,0.41634447276263925,0.1
-1.035,0,0.293,0,0.592,0.083,0,0.94,-0.342,-0.135,20,16805,0.324487374149184,0.6
0.445,-0.11,-0.889,1.258,3.158,0,0.037,-0.511,-0.464,-1.013,100,4856,0.09035876748328568,0.5
-1.478,0,-1.148,0.408,2.781,0.171,0.034,0.15,0,-1.367,22,4727,0.1375391988430888,0.5
0,0,0.383,-0.072,1.999,0.824,0,0,-0.263,-0.31,24,2774,0.07181583587475993,0.5
-0.698,0,0,-0.556,0.922,1.459,1.006,-0.638,1.882,-1.906,11,1393,0.46329636303342603,0.1
0,0,0.21,0,0.586,0,0,0,0,-1.388,1,1035,0.0199,0.1
0,0,1.116,0,-2.267,0,0,-1.478,0.682,-0.763,100,49621,1.1814052700958375,0.8
0,0,0.22,0,-0.144,0.496,0.068,0.699,1.672,0.497,1,1720,0.03974142135623731,0.1
-0.911,0,-0.075,0,-0.721,-0.416,-0.577,0.243,-1.476,-1.455,2,3092,0.13065617769014515,0.4
0,0.62,0,0,-0.934,0,0,0,0.198,1.23,100,4055,0.09566658765516904,0.5
-1.007,0,0,1.589,2.405,0,0,0,0,1.752,2,3367,0.6652477630123245,0.3
1.073,0,0.923,1.328,-0.33,0,-0.753,0,0,-0.13,1,3342,0.27100512334081706,0.3
0.254,0,0.746,0,0.126,0,-0.051,0.445,0,-4.647,1,1857,0.04639509176081013,0.2
-0.688,-0.022,0,0,0.404,-0.743,0,0,0.548,2.719,13,2125,0.057934053274365384,0.3
0,0,0,-0.428,0.362,1.977,0,0,0.8,1.608,3,1393,0.41634447276263925,0.1
0.278,0.432,-1.635,0,1.447,0,-0.272,0,0,0.809,7,1388,0.36826121164195397,0.1
0.123,0,-0.856,0,-2.114,0.325,0,-0.183,0,0.282,51,1930,0.04316648191170153,0.4
0.595,0,0.364,0,-0.715,0,0.455,0,0.023,2.502,63,2092,0.06813066227118367,0.3
0,0.472,0,0.567,-0.663,-0.83,0.4,0,-0.553,1.637,100,16395,0.5248087598526746,0.8
-2.149,-2.33,0,0.637,-0.25,0,-0.534,-2.497,-0.7,2.159,11,1399,0.46329636303342603,0.1
-1.521,0,0.687,0,0.767,0,0,0,0.349,-0.103,92,2154,0.05458565743997067,0.2
0,0,0,0,0.702,0,0,0,0.094,0.942,22,898,0.024457865836674114,0.2
0.973,0,0,2.027,-1.287,-0.903,0,0,0,0.48,6,4088,0.2673296464556282,0.2
0,0.328,0,0,0.18,1.41,-0.956,0.008,0,0.799,17,983,0.031199145464887765,0.2
0,0,0,0,1.011,-1.22,-0.226,0,0.058,0.078,20,856,0.020135884203876738,0.2
0,0,0.723,0.176,2.166,0,0,0,0,0.892,1,1036,0.0199,0.1
0,-0.47,-0.238,1.065,-0.496,0,0,0,0,-1.026,2,1228,0.02235944445700243,0.3
-0.824,0,0,1.294,-0.316,0,0,0.985,1.318,0.144,7,1382,0.36826121164195397,0.1
0,0,-1.054,-0.066,0.268,2.103,-0.729,-2.232,-0.334,0.055,9,1387,0.19106025227660517,0.1
1.839,-0.253,0,-0.66,0.069,0,-1.339,0,0,0.769,7,1391,0.36826121164195397,0.1
-1.438,0,0,-0.37,-2.416,0,0.367,1.781,1.349,-1.464,12,1385,0.39244426355853396,0.1
0.401,-0.981,0,-0.454,1.784,0,0.005,0,0,-0.478,76,18444,1.0762288940462985,0.7
0.008,0,0,0.871,-0.025,-1.138,0,0,-1.587,-3.025,5,1396,0.5091168824543142,0.1
0.163,0,0,-0.675,0.242,0.847,-1.8,0,0,-0.638,5,1767,0.1367970562748477,0.2
0,0,0.133,0,-0.079,0,0.854,0,2.67,1.281,4,4422,0.5479568916010041,0.2
0,0.444,-0.784,0.198,-0.978,0,-0.046,0,0,-0.538,23,1646,0.03521260020688622,0.3
0.461,1.535,0.171,0,-0.073,-0.38,-2.076,-0.832,-0.551,-0.472,70,1720,0.040879707542379004,0.3
0.496,0.046,0,1.102,-0.877,0,0,0,0.906,0.091,34,1094,0.04076330849424799,0.3
-0.697,0,0,0,0.15,0,-0.862,0,0.944,1.413,3,2555,0.17744566050876368,0.3
-0.033,0,0.261,-0.499,-2.235,-0.598,-0.459,0,0,-1.504,12,1391,0.39244426355853396,0.1
0,0,-0.874,0,1.226,0,0.179,1.015,0.488,2.056,1,1725,0.03974142135623731,0.2
-0.998,0,0,-0.621,1.771,2.223,0.95,0,0.085,1.565,11,1393,0.46329636303342603,0.1
-0.42,0,-0.123,0,-0.657,-0.022,0,0,0.423,0.062,42,1491,0.033750443857150675,0.3
0.727,0.955,0.835,0.714,1.514,0,0,2.456,1.233,-0.409,12,2701,0.30754801473754456,0.4
0,-0.072,1.362,0,-0.499,-0.057,0,-1.37,0.479,2.125,36,1498,0.03551603602556837,0.4
2.621,0,-1.145,0,-0.655,0.052,0,0.429,-1.726,0.588,40,1219,0.04168405530826469,0.3
0,0.596,-0.219,0,-1.182,0,0,0,0,0.278,2,3139,0.32383096925013244,0.3
-0.41,0,0,0.673,-0.12,1.115,0.199,0.453,1.806,-1.367,3,1390,0.41634447276263925,0.1
0,0,0.972,0.119,-0.499,0,0,1.8,-0.137,2.109,31,1092,0.05501668582116182,0.3
0,0,0,2.118,1.444,0,1.906,0,0,1.031,11,1390,0.46329636303342603,0.1
0,0,0,0,-1.39,-0.168,0,1.434,-1.735,1.411,1,808,0.0199,0.1
0,-2.157,0,-0.636,1.981,0,0,0,0.107,0.316,14,1792,0.04119161549160874,0.2
0,0,0.144,0,-0.153,0,1.457,0,0,0.852,16,1451,0.03921887884613606,0.2
0.498,0,0,0,-0.53,0,0.438,-1.686,-0.019,-1.455,10,4107,0.7579692355608911,0.5
1.065,-1.24,-0.33,0,-0.181,0,0,-0.664,0,-0.81,2,2130,0.055038739851816,0.3
0,1.197,0,2.065,-0.242,0.042,0.63,0,0,-1.577,11,1390,0.46329636303342603,0.1
0,0.374,1.602,-0.368,-2.021,0,0.047,0,1.292,-3.946,5,1393,0.5091168824543142,0.1
0,-0.162,-0.253,-1.617,-1.263,0.291,-1.227,0,0,-1.685,11,1399,0.46329636303342603,0.1
0.965,0,0.08,0,-0.053,0.066,0,0.597,0,-0.45,17,4295,0.6510284148588691,0.5
0,0,0.252,0,0.464,0.034,0,0,-0.743,0.336,44,1457,0.03484177645966328,0.3
0,-1.419,0.805,0,-0.881,1.329,0.299,-1.746,0,-2.269,11,1393,0.46329636303342603,0.1
0,0,0,0,0.013,-0.723,0.407,0,-0.965,-0.179,47,1000,0.034749900675918266,0.3
0.354,0,0,-0.599,0.94,0,0.029,0,0.876,-0.332,41,1344,0.042176111087005135,0.3
1.352,0,0.032,-0.8,0.225,-0.223,0,0,-1.371,-0.654,3,1399,0.41634447276263925,0.1
0,0,-0.501,0,0.684,0.227,-1.186,0,-0.035,-2.163,9,4137,0.374142135623731,0.2
0,-0.429,0,-1.122,-1.724,1.489,-0.725,0.892,0,0.301,11,1399,0.46329636303342603,0.1
0,0,-0.343,-1.28,-2.88,0,0.334,0,0,-0.795,1,1725,0.03974142135623731,0.2
0,0,0,0.964,-0.85,-0.041,0,0.642,-0.324,-0.709,3,1388,0.3437953170128995,0.1
0,0.077,0.532,0,-1.709,-0.499,0,0,-0.338,1.111,75,2625,0.05183954291362969,0.5
-0.777,0,1.026,0.898,-1.292,0,2.302,0,0.738,2.075,11,1390,0.46329636303342603,0.1
0,1.373,1.474,0,-1.983,-1.201,0,0,0,1.876,76,2719,0.05777408114707822,0.6
0,0,0,0.036,-0.679,0,1.057,-2.437,0.172,-0.663,3,1382,0.3437953170128995,0.1
0,0,0.467,-0.881,2.539,0.07,0,0,0.459,1.138,7,1385,0.36826121164195397,0.1
-1.256,0.227,0,1.265,-0.224,0,-0.903,0,0,1.367,3,1396,0.41634447276263925,0.1
0.843,-2.45,0,1.581,2.359,-0.104,0,1.197,0,0.102,9,2439,0.13418638646078074,0.3
0.065,-1.427,-1.15,0,0.629,-0.346,-1.221,-0.481,0,1.073,8,1391,0.2940149996173665,0.1
0,0,1.384,0.136,1.884,-0.269,1.29,1.213,-1.194,-0.427,3,1396,0.41634447276263925,0.1
0,0,0,0,0.317,1.286,0.267,0,-0.525,3.348,12,2994,0.8277226639527846,0.3
0,-0.48,1.343,0,0.789,0,-1.068,0,-0.481,1.55,12,1391,0.39244426355853396,0.1
-1.301,-1.519,0,0,1.182,0,0,0.526,0,-0.464,10,1957,0.33346948214989786,0.3
0,1.494,-0.087,-1.176,0.124,0.532,0.721,0.084,0.673,2.114,11,1393,0.46329636303342603,0.1
-1.234,0,0.787,0,1.485,1.615,-0.827,0,0,-0.9,2,2459,0.08339898737138551,0.3
1.107,0.806,-0.442,0,3.193,-1.287,0.491,0.093,0,1.875,11,1390,0.46329636303342603,0.1
0,0,0,0,2.396,0,0,1.031,0,-0.272,1,2834,0.45027150933908044,0.3
0,0,0,0,1.214,0,-0.055,0,0,1.582,1,808,0.0199,0.1
0,0,0,0,-0.594,0.266,0.217,-0.113,0,0.386,17,863,0.020154769419468983,0.3
0,0,0,0,0.761,0.908,-0.034,0,0,0.546,1,807,0.0199,0.2
-0.654,0.124,0,-0.225,-0.55,0,-1.379,1.606,-0.476,0.711,100,20854,0.609889159325594,0.9
0,0,0,0.707,0.987,1.122,1.577,1.354,0,1.967,11,1390,0.46329636303342603,0.1
0,-0.322,0,0,0.843,0,0,0,-0.677,3.13,13,1966,0.3008711492458743,0.2
-1.515,-1.169,0,-0.947,0.514,0,0,-1.915,0,1.085,58,1974,0.047047964098127164,0.2
1.162,0,1.025,-1.141,-1.929,0.407,-0.69,0,-1.458,0.964,11,1399,0.46329636303342603,0.1
0,0,-0.898,0,1.638,-1.293,2.65,0,0,-1.712,11,1725,0.039741421356270075,0.2
0.007,-0.347,0,1.238,0.72,0,-3.012,0,0,-0.187,3,1396,0.41634447276263925,0.1
-0.934,0,0.531,0.155,0.29,1.361,2.954,0,0,1.399,2,3149,0.08558529117359485,0.3
0,0,2.528,0,-0.752,0,0,0.134,1.614,-0.174,36,1294,0.03226656409473313,0.3
0,0,-0.636,-1.124,-0.093,-1.196,0.733,0,0,-3.259,4,1710,0.039765589932939764,0.2
-0.242,0,0,0,1.541,0,0,0,0,0.405,2,1143,0.021124705854377604,0.3
1.221,0,0,0.225,-1.696,-0.325,0,0.692,0,-0.286,69,2189,0.0828110364764314,0.3
0,2.045,-0.929,0,0.088,0.73,0,1.763,-0.714,0.041,14,1231,0.07639627916709803,0.4
1.215,0.786,-0.717,-0.432,-0.868,-1.096,0,0,-0.436,-1.454,54,2033,0.08918952549624627,0.5
-1.287,0.5,0.943,0,-0.483,0,1.456,0,1.079,-1.97,12,4215,0.5418198051533948,0.2
0,0,-0.304,0,0.393,0.301,-1.817,-1.288,1.113,-1.065,8,4103,0.3034509667991878,0.2
-0.594,-0.36,-0.671,0,-0.576,0.346,0,-1.072,2.517,-1.739,1,2101,0.04200723659386413,0.4
