vectorDirection,graphPixelCount,medianDistance,rating
0.42216744,0.25687904,0.25359575,0.5
0.21796421,0.29894983,0.30477742,0.4
0.31806383,0.32096288,0.25807868,0.4
0.23798413,0.29191701,0.30432097,0.4
0.23398015,0.25470296,0.29589331,0.1
0.24999609,0.25514448,0.25360031,0.1
0.45419932,0.27196965,0.25387086,0.4
0.22997616,0.24910509,0.25355324,0.5
0.23398015,0.25470296,0.29589331,0.6
0.23798413,0.25457681,0.28385959,0.1
0.19394029,0.24994083,0.25337277,0.1
0.20194827,0.25460835,0.28769615,0.4
0.30605188,0.24755976,0.25346114,0.5
0.23798413,0.33124405,0.2563466,0.1
0.4061515,0.24872664,0.25343303,0.4
0.19394029,0.23417216,0.253292,0.1
0.20194827,0.25470296,0.28769615,0.4
0.20194827,0.25456104,0.28769615,0.4
0.20595225,0.29617455,0.26838163,0.1
0.23798413,0.25452951,0.28385959,0.3
0.29403992,0.25520756,0.25354639,0.1
0.22597218,0.29637954,0.26385451,0.5
0.29804391,0.2494993,0.25355343,0.7
0.36611165,0.25691058,0.25352609,0.1
0.26200804,0.25079233,0.25411123,0.4
0.22997616,0.32782225,0.25650958,0.3
0.29003594,0.24953084,0.25363138,0.3
0.33808376,0.25721018,0.25353812,0.3
0.20194827,0.29910752,0.31155797,0.8
0.47421925,0.24989352,0.25372261,0.7
0.23798413,0.2544822,0.28385959,0.4
0.20595225,0.29915482,0.3150547,0.3
0.19794428,0.27655833,0.33255383,0.1
0.23798413,0.29910752,0.31155797,0.3
0.19794428,0.25148616,0.35764778,0.1
0.19794428,0.26561488,0.25379934,0.1
0.20194827,0.2824085,0.41486801,0.1
0.19794428,0.26979357,0.25422785,0.2
0.20595225,0.30446886,0.48361024,0.1
0.20194827,0.25456104,0.28769615,0.6
0.28603195,0.3068657,0.2569926,0.4
0.19394029,0.25968586,0.25360547,0.1
0.22196819,0.35516512,0.8250843,0.1
0.57431888,0.26626139,0.25461724,0.1
0.19394029,0.2729,0.25380983,0.3
0.39413955,0.2513127,0.25373182,0.1
0.21396022,0.30323891,0.44368396,0.5
0.23398015,0.25456104,0.29589331,0.6
0.23798413,0.25452951,0.28385959,0.6
0.27001601,0.35210599,0.51396949,0.9
0.20995624,0.26406955,0.25352673,0.5
0.19394029,0.24896317,0.2533706,0.4
0.19394029,0.26172002,0.25360989,0.4
0.59033482,1.0595986,0.4677718,0.4
0.20595225,0.29940712,0.31863998,0.1
0.23798413,0.25457681,0.28385959,0.1
0.40214752,0.2594651,0.25378149,0.4
0.37411962,0.25318917,0.25405868,0.5
0.20194827,0.2544822,0.27675076,0.6
0.20194827,0.25470296,0.28769615,0.1
0.28202797,0.25189614,0.25356785,0.1
0.19394029,0.26438492,0.26332365,0.4
0.23398015,0.25470296,0.29589331,0.5
0.21796421,0.2544349,0.28020841,0.1
0.59033482,0.97868959,0.50382747,0.4
0.20194827,0.25465566,0.28769615,0.1
0.20595225,0.2984137,0.2922011,0.4
0.23398015,0.25465566,0.29589331,0.4
0.23798413,0.25452951,0.28385959,0.1
0.20194827,0.25441913,0.27044911,0.3
0.21796421,0.25435605,0.2650217,0.1
0.35009571,0.26692368,0.25369769,0.5
0.21396022,0.29734143,0.27156805,0.7
0.20995624,0.25435605,0.26265721,0.1
0.20595225,0.29995903,0.30342252,0.4
0.20595225,0.25437182,0.26762188,0.3
0.23798413,0.25457681,0.28385959,0.3
0.20194827,0.25465566,0.28769615,0.3
0.52627105,0.29917059,0.25489882,0.8
0.41816346,0.26246114,0.25370986,0.7
0.25800406,0.29595379,0.35455077,0.4
0.23398015,0.25456104,0.29589331,0.3
0.19394029,0.25049273,0.25341779,0.1
0.20595225,0.25426144,0.26762188,0.3
0.21396022,0.27742561,0.45541305,0.1
0.19394029,0.25968586,0.25360547,0.1
0.22196819,0.28595645,0.41514806,0.1
0.45820331,0.26553603,0.25369058,0.2
0.54228699,0.26670291,0.25418978,0.1
0.23398015,0.25061888,0.25338782,0.6
0.20595225,0.29939135,0.31863944,0.4
0.20995624,0.26376994,0.2541687,0.1
0.23398015,0.25470296,0.29589331,0.1
0.36611165,0.25504987,0.25398525,0.1
0.23798413,0.25457681,0.28385959,0.3
0.23398015,0.24942046,0.27250102,0.1
0.59033482,0.27542299,0.25479965,0.5
0.37011564,0.25410375,0.25366425,0.6
0.20194827,0.29939135,0.31863998,0.6
0.19394029,0.24539945,0.2533706,0.9
0.23398015,0.32731766,0.29324837,0.5
0.59033482,1.01106266,0.51280304,0.4
0.54228699,0.2687213,0.25476406,0.4
0.20194827,0.29939135,0.31863998,0.4
0.19394029,0.2623823,0.25668654,0.1
0.23398015,0.26053737,0.25360548,0.1
0.23398015,0.25460835,0.29589331,0.4
0.20595225,0.32159363,0.32280082,0.5
0.23398015,0.25460835,0.29589331,0.6
0.22196819,0.2544822,0.27044911,0.1
0.23398015,0.25456104,0.29589331,0.1
0.19394029,0.23417216,0.253292,0.4
0.21796421,0.2544822,0.28020841,0.5
0.19794428,0.24897894,0.2533706,0.1
0.20194827,0.25465566,0.28769615,0.4
0.31005586,0.34899957,0.45731664,0.1
0.20194827,0.25470296,0.28769615,0.4
0.19794428,0.24942046,0.27676505,0.4
0.20194827,0.2544349,0.27675076,0.1
0.47822323,0.28324424,0.25394746,0.3
0.20595225,0.25968586,0.25360547,0.1
0.20194827,0.25470296,0.28769615,0.5
0.19794428,0.26080543,0.25510297,0.7
0.19394029,0.24538368,0.2533706,0.1
0.23798413,0.2544822,0.28385959,0.4
0.53427902,0.25850321,0.25394897,0.3
0.33407977,0.27617988,0.2544046,0.3
0.19394029,0.24538368,0.2533706,0.3
0.21796421,0.2544822,0.28020841,0.8
0.23798413,0.29893406,0.30477742,0.7
0.59033482,1.22259927,0.50947571,0.4
0.23398015,0.25460835,0.29589331,0.3
0.20194827,0.31623229,0.48833788,0.1
0.19394029,0.26086851,0.25360673,0.3
0.23798413,0.2544349,0.28385959,0.1
0.29804391,0.25640598,0.25367395,0.1
0.20194827,0.2544822,0.27675076,0.1
0.23798413,0.26006431,0.27074287,0.2
0.29403992,0.24918393,0.25356123,0.1
0.21796421,0.24571482,0.26675021,0.6
0.23798413,0.25452951,0.28385959,0.4
0.4061515,0.25730479,0.25371893,0.1
0.22997616,0.29294197,0.25493071,0.1
0.19794428,0.25432451,0.25350102,0.1
0.53828301,0.25381992,0.25419185,0.3
0.38212759,0.25120232,0.25369537,0.1
0.26601203,0.2483955,0.2535084,0.5
0.59033482,1.09258665,0.49155422,0.6
0.27001601,0.44094664,0.26631137,0.6
0.35009571,0.41634753,0.52323708,0.9
0.20194827,0.25451374,0.27044911,0.5
0.19794428,0.26365956,0.25370856,0.4
0.20595225,0.26406955,0.2537363,0.4
0.23398015,0.25460835,0.29589331,0.4
0.23398015,0.25465566,0.29589331,0.1
0.19394029,0.24538368,0.2533706,0.1
0.42216744,0.257904,0.25364097,0.4
0.23398015,0.25465566,0.29589331,0.5
0.30605188,0.24711824,0.25338319,0.6
0.22196819,0.26011161,0.25638654,0.1
0.23798413,0.2544349,0.28385959,0.1
0.39013556,0.26670291,0.36718173,0.4
0.47421925,0.25732056,0.25426837,0.5
0.23398015,0.25456104,0.29589331,0.1
0.23398015,0.25460835,0.29589331,0.4
0.23398015,0.25456104,0.29589331,0.1
0.47021526,0.25337839,0.25363785,0.4
0.59033482,0.26050583,0.25381589,0.4
0.23398015,0.29954904,0.33362992,0.1
0.51826308,0.3721795,0.26492634,0.3
0.28202797,0.32045829,0.36294974,0.1
0.20595225,0.2544349,0.27349489,0.5
0.23398015,0.25456104,0.29589331,0.7
0.20995624,0.25460835,0.30473665,0.1
0.23798413,0.27222195,0.25602429,0.4
0.50224714,0.27468186,0.25386191,0.3
0.23398015,0.25456104,0.29589331,0.3
0.36611165,0.26663984,0.25401646,0.3
0.23798413,0.28556224,0.25694622,0.8
0.23798413,0.25457681,0.28385959,0.7
0.43017541,0.27791443,0.25401652,0.4
0.19394029,0.24896317,0.2533706,0.3
0.47421925,0.27215887,0.25377403,0.1
0.59033482,0.23404601,0.253292,0.3
0.59033482,1.11289668,0.51132615,0.1
0.21796421,0.29882368,0.29831835,0.1
0.59033482,0.25610637,0.25357839,0.1
0.20194827,0.25465566,0.28769615,0.2
0.31405985,0.25265304,0.25348331,0.1
0.19394029,0.24538368,0.2533706,0.6
0.28202797,0.2483955,0.25349388,0.4
0.59033482,0.32124672,0.25924529,0.1
0.27802398,0.36210333,0.4602144,0.1
0.23398015,0.29953327,0.33362992,0.1
0.20194827,0.27001433,0.26710522,0.3
0.36210767,0.27160697,0.25386552,0.1
0.20995624,0.25465566,0.30473665,0.5
0.19794428,0.25304725,0.35296146,0.6
0.46220729,0.25624829,0.25358018,0.6
0.23398015,0.25465566,0.29589331,0.9
0.20194827,0.25456104,0.28769615,0.5
0.20194827,0.25452951,0.27675076,0.4
0.24198812,0.27849787,0.26407346,0.4
0.19394029,0.23417216,0.253292,0.4
0.19394029,0.26042699,0.25360549,0.1
0.22997616,0.26160964,0.27106616,0.1
0.20194827,0.25613791,0.2733354,0.4
0.20595225,0.24885279,0.25356245,0.5
0.41015549,0.25164384,0.25393998,0.6
0.33007579,0.2500039,0.25367221,0.1
0.19794428,0.24942046,0.27676505,0.1
0.23398015,0.25460835,0.29589331,0.4
0.2459921,0.31359892,0.39107202,0.5
0.23398015,0.25460835,0.29589331,0.1
0.53027504,0.28169891,0.25396663,0.4
0.59033482,0.40877857,0.26224446,0.1
0.23398015,0.25973317,0.25360547,0.4
0.29003594,0.27236387,0.25395848,0.4
0.22997616,0.24599866,0.2533708,0.1
0.20194827,0.25432451,0.25573187,0.3
0.43017541,0.37992192,0.31076487,0.1
0.26601203,0.26252422,0.28055992,0.5
0.23798413,0.2544349,0.28385959,0.7
0.59033482,0.89109467,0.52190245,0.1
0.43017541,0.38567748,0.26876415,0.4
0.20595225,0.33354628,0.28404589,0.3
0.20995624,0.25456104,0.30473665,0.3
0.19394029,0.25169115,0.25349852,0.3
0.23398015,0.25456104,0.29589331,0.8
0.59033482,0.30724415,0.25528812,0.7
0.35810368,0.44096241,0.51633396,0.4
0.21796421,0.2597647,0.25360547,0.3
0.23798413,0.29906021,0.31155797,0.1
0.20995624,0.25465566,0.30473665,0.3
0.20595225,0.26039545,0.25358077,0.1
0.23398015,0.2458252,0.27250102,0.1
0.19394029,0.25968586,0.25360547,0.1
0.20995624,0.25465566,0.30473665,0.2
0.25800406,0.33274208,0.36269264,0.1
0.59033482,0.50020528,0.27360364,0.6
0.23398015,0.2458252,0.27250102,0.4
0.59033482,0.2326426,0.253292,0.1
0.23398015,0.25456104,0.29589331,0.1
0.19794428,0.28277118,0.45729722,0.1
0.19394029,0.24536791,0.2533706,0.3
0.53427902,0.2657568,0.2539027,0.1
0.42216744,0.26306035,0.25365878,0.5
0.19394029,0.24897894,0.2533706,0.6
0.20194827,0.25460835,0.28769615,0.6
0.43017541,0.26400647,0.25360127,0.9
0.20194827,0.2544822,0.27044911,0.5
0.23398015,0.25460835,0.29589331,0.4
0.53828301,0.27126006,0.25377842,0.4
0.23398015,0.25465566,0.29589331,0.4
0.59033482,0.2326426,0.253292,0.1
0.34609173,0.25042965,0.25364452,0.1
0.28603195,0.25878705,0.25359765,0.4
0.23398015,0.26261883,0.25391499,0.5
0.20194827,0.24538368,0.2533706,0.6
0.20194827,0.25452951,0.27675076,0.1
0.25400007,0.26566218,0.25394341,0.1
0.23798413,0.2544822,0.28385959,0.4
0.20595225,0.26231923,0.25367325,0.5
0.19394029,0.24967276,0.25338274,0.1
0.19794428,0.24932585,0.26857579,0.4
0.41015549,0.26110504,0.25359272,0.1
0.20595225,0.27081854,0.27402052,0.4
0.22196819,0.25457681,0.27044911,0.4
0.57431888,0.26430608,0.25475244,0.1
0.20595225,0.29939135,0.31863998,0.3
0.19794428,0.26402224,0.25374832,0.1
0.19394029,0.26935205,0.25360565,0.5
0.59033482,0.94226398,0.48795818,0.7
0.51826308,0.2599697,0.25400398,0.1
0.19394029,0.25922857,0.25381964,0.4
0.23398015,0.25456104,0.29589331,0.3
0.33007579,0.25079233,0.25383188,0.3
0.43017541,0.2844742,0.25483602,0.3
0.19794428,0.28073703,0.29006981,0.8
0.20595225,0.29939135,0.31863998,0.7
0.19394029,0.24897894,0.2533706,0.4
0.59033482,0.4453461,0.559486,0.3
0.27001601,0.25014582,0.25345801,0.1
0.20595225,0.27554913,0.25490644,0.3
0.23398015,0.25465566,0.29589331,0.1
0.20194827,0.28026397,0.2581968,0.1
0.20194827,0.2544349,0.27675076,0.1
0.49023519,0.26738097,0.25499221,0.2
0.22597218,0.29757796,0.27610833,0.1
0.22597218,0.24959392,0.25337484,0.6
0.59033482,1.06909134,0.46202123,0.4
0.59033482,0.85326565,0.40583139,0.1
0.59033482,0.29440846,0.25445555,0.1
0.19394029,0.24897894,0.2533706,0.1
0.21396022,0.24667671,0.25344926,0.3
0.29403992,0.28833752,0.27241167,0.1
0.20595225,0.26126273,0.25521347,0.5
0.19394029,0.24539945,0.2533706,0.6
0.53027504,0.25036658,0.25351262,0.6
0.36210767,0.2481432,0.25341281,0.9
0.43818338,0.262335,0.25360599,0.5
0.19394029,0.2674125,0.26434171,0.4
0.49423917,0.31358315,0.31408953,0.4
0.36611165,0.26753865,0.25367743,0.4
0.23398015,0.25456104,0.29589331,0.1
0.20194827,0.25506564,0.25352917,0.1
0.23398015,0.25456104,0.29589331,0.4
0.23398015,0.25460835,0.29589331,0.5
0.23398015,0.25456104,0.29589331,0.6
0.23798413,0.2544822,0.28385959,0.1
0.59033482,0.2326426,0.253292,0.1
0.58232685,0.27236387,0.25421464,0.4
0.21796421,0.30106283,0.28640896,0.5
0.20995624,0.25470296,0.30473665,0.1
0.23798413,0.25457681,0.28385959,0.4
0.19394029,0.26805902,0.25381682,0.1
0.31005586,0.24983045,0.25352347,0.4
0.2459921,0.35625315,0.58040822,0.4
0.20194827,0.25435605,0.2650217,0.1
0.28202797,0.26271344,0.25366794,0.3
0.25400007,0.27252155,0.25420816,0.1
0.54228699,0.27223772,0.25386311,0.5
0.23798413,0.29910752,0.31155797,0.7
0.20595225,0.29939135,0.31863998,0.1
0.19394029,0.24896317,0.2533706,0.4
0.35009571,0.26255576,0.25362721,0.3
0.19394029,0.24538368,0.2533706,0.3
0.32206782,0.30602996,0.2799382,0.3
0.19394029,0.27091315,0.253641,0.8
0.4061515,0.26285536,0.25360299,0.7
0.19794428,0.26835862,0.25378804,0.4
0.59033482,1.02590097,0.45613264,0.3
0.21796421,0.25432451,0.2650217,0.1
0.42617143,0.32293397,0.25731243,0.3
0.20595225,0.29910752,0.31155797,0.1
0.23398015,0.25456104,0.29589331,0.1
0.41415947,0.46937754,0.65432436,0.1
0.21796421,0.2544822,0.28020841,0.2
0.23398015,0.25470296,0.29589331,0.1
0.19794428,0.26824824,0.25569663,0.6
0.38212759,0.26501567,0.25429616,0.4
0.43818338,0.25274765,0.25416598,0.1
0.20595225,0.28373307,0.27451732,0.1
0.20194827,0.25441913,0.27044911,0.1
0.19794428,0.28600376,0.37210537,0.3
0.37812361,0.26312343,0.25370562,0.1
0.33808376,0.25192768,0.25351126,0.5
0.21796421,0.25457681,0.28020841,0.6
0.19794428,0.25541255,0.25356606,0.6
0.33808376,0.25908665,0.25381812,0.9
0.45019534,0.26758596,0.25368104,0.5
0.20194827,0.25435605,0.2650217,0.4
0.23398015,0.25460835,0.29589331,0.4
0.20194827,0.25465566,0.28769615,0.4
0.20194827,0.25456104,0.28769615,0.1
0.19394029,0.24538368,0.2533706,0.1
0.20194827,0.25754132,0.27295911,0.4
0.50625113,0.27170158,0.25406612,0.5
0.27802398,0.34001143,0.37059472,0.6
0.23398015,0.30044785,0.32324306,0.1
0.22997616,0.28067395,0.25410264,0.1
0.21796421,0.2544822,0.28020841,0.4
0.3260718,0.24740207,0.25339089,0.5
0.20194827,0.25451374,0.27044911,0.1
0.21796421,0.25188037,0.2538084,0.4
0.4061515,0.26050583,0.25359386,0.1
0.23798413,0.25452951,0.28385959,0.4
0.37411962,0.25085541,0.25441989,0.4
0.20194827,0.25460835,0.28769615,0.1
0.20194827,0.25465566,0.28769615,0.3
0.28603195,0.29505497,0.40126514,0.1
0.19794428,0.29537034,0.32933647,0.5
0.27802398,0.24856895,0.25353491,0.7
0.19394029,0.24897894,0.2533706,0.1
0.22196819,0.26408532,0.25371428,0.4
0.19794428,0.2563429,0.25413261,0.3
0.20595225,0.25434028,0.27349489,0.3
0.21796421,0.25457681,0.28020841,0.3
0.20194827,0.25465566,0.28769615,0.8
0.27001601,0.25304725,0.25351426,0.7
0.20194827,0.25470296,0.28769615,0.4
0.40214752,0.26987242,0.255222,0.3
0.19394029,0.24899471,0.2533706,0.1
0.59033482,0.34726501,0.25866947,0.3
0.23798413,0.2544822,0.28385959,0.1
0.23398015,0.25465566,0.29589331,0.1
0.20194827,0.25460835,0.28769615,0.1
0.20194827,0.2544349,0.27675076,0.2
0.29804391,0.25054004,0.2534746,0.1
0.22196819,0.29358849,0.28904043,0.6
0.23398015,0.25470296,0.29589331,0.4
0.59033482,0.2326426,0.253292,0.1
0.23398015,0.25460835,0.29589331,0.1
0.27802398,0.2615781,0.25368361,0.1
0.21796421,0.25457681,0.28020841,0.3
0.20995624,0.25470296,0.30473665,0.1
0.20595225,0.25438759,0.27349489,0.5
0.59033482,0.25848744,0.25392403,0.6
0.20194827,0.2544822,0.27675076,0.6
0.20595225,0.31470273,0.30332162,0.9
0.30204789,0.32936758,0.25689678,0.5
0.24198812,0.29910752,0.31155797,0.4
0.35009571,0.41338302,0.51142682,0.4
0.19394029,0.24896317,0.2533706,0.4
0.21396022,0.27802482,0.54766694,0.1
0.59033482,0.29240584,0.25430912,0.1
0.33007579,0.25088695,0.25350314,0.4
0.20194827,0.29757796,0.27610833,0.5
0.20194827,0.52344829,0.40820748,0.6
0.21396022,0.30180396,0.46532301,0.1
0.20995624,0.29637954,0.26385451,0.1
0.22597218,0.30707069,0.28517297,0.4
0.2459921,0.3139616,0.61115888,0.5
0.59033482,0.27922323,0.25393548,0.1
0.25400007,0.27950707,0.25797633,0.4
0.37011564,0.251565,0.25394461,0.1
0.21796421,0.24571482,0.26502138,0.4
0.20194827,0.25465566,0.28769615,0.4
0.39814353,0.25941779,0.25357473,0.1
0.30204789,0.26980934,0.25544839,0.3
0.47822323,0.45348273,0.55650684,0.1
0.20595225,0.26790133,0.25366451,0.5
0.23798413,0.2544349,0.28385959,0.7
0.19394029,0.2531734,0.25584164,0.1
0.23398015,0.25470296,0.29589331,0.4
0.25400007,0.25134424,0.25350368,0.3
0.23398015,0.25465566,0.29589331,0.3
0.20194827,0.25457681,0.27675076,0.3
0.42216744,0.24908932,0.25344957,0.8
0.20194827,0.25457681,0.27675076,0.7
0.19394029,0.27780405,0.26148391,0.4
0.24198812,0.28458458,0.25430052,0.3
0.19394029,0.26548873,0.25382253,0.1
0.21796421,0.29891829,0.30477742,0.3
0.21396022,0.25432451,0.26265721,0.1
0.28603195,0.2668606,0.25434445,0.1
0.20595225,0.29939135,0.31863998,0.1
0.22597218,0.29358849,0.2969371,0.2
0.20194827,0.25465566,0.28769615,0.1
0.42617143,0.26747558,0.261059,0.6
0.59033482,1.02263686,0.48645858,0.4
0.3260718,0.35235829,0.60888756,0.1
0.27802398,0.30771721,0.35594702,0.1
0.20194827,0.25445066,0.26053713,0.1
0.23798413,0.25457681,0.28385959,0.3
0.20194827,0.29940712,0.31863998,0.1
0.23398015,0.25465566,0.29589331,0.5
0.19394029,0.26692368,0.25991145,0.6
0.43818338,0.26159387,0.25396711,0.6
0.19794428,0.28759639,0.26072134,0.9
0.19394029,0.24538368,0.2533706,0.5
0.20194827,0.25984355,0.25360608,0.4
0.23798413,0.29906021,0.31155797,0.4
0.21796421,0.24571482,0.26502138,0.4
0.44218737,0.26252422,0.2537862,0.1
0.34208774,0.25965432,0.25611008,0.1
0.19794428,0.26843747,0.25418088,0.4
0.35009571,0.24812743,0.25351614,0.5
0.20194827,0.29939135,0.31863998,0.6
0.20194827,0.27758329,0.27042109,0.1
0.33407977,0.42356958,0.70401229,0.1
0.20995624,0.25323648,0.25349838,0.4
0.23798413,0.26744404,0.2537689,0.5
0.53427902,0.28710757,0.25427047,0.1
0.27001601,0.24953084,0.2534572,0.4
0.20194827,0.25460835,0.28769615,0.1
0.23398015,0.25465566,0.29589331,0.4
0.4061515,0.26283959,0.25359172,0.4
0.34609173,0.26165694,0.25360607,0.1
0.27802398,0.24617212,0.25337202,0.3
0.23398015,0.25460835,0.29589331,0.1
0.59033482,0.2326426,0.253292,0.5
0.28603195,0.44020552,0.45875695,0.7
0.20595225,0.25434028,0.27349489,0.1
0.37812361,0.26700252,0.25374432,0.4
0.19394029,0.26091582,0.25364481,0.3
0.23398015,0.25470296,0.29589331,0.3
0.23398015,0.25456104,0.29589331,0.3
0.23398015,0.25465566,0.29589331,0.8
0.21796421,0.30560421,0.30473743,0.7
0.20194827,0.25456104,0.28769615,0.4
0.20595225,0.29940712,0.31863998,0.3
0.59033482,0.74255386,0.5559131,0.1
0.19394029,0.25968586,0.25360547,0.3
0.20995624,0.25470296,0.30473665,0.1
0.54629098,0.26780672,0.28235184,0.1
0.59033482,0.27480801,0.25401749,0.1
0.20194827,0.26091582,0.28644631,0.2
0.36611165,0.24830089,0.25353611,0.1
0.23798413,0.35021375,0.4625011,0.6
0.23798413,0.2544822,0.28385959,0.4
0.20995624,0.25460835,0.30473665,0.1
0.20194827,0.25456104,0.28769615,0.1
0.20595225,0.29789333,0.28107496,0.1
0.21796421,0.25452951,0.28020841,0.3
0.20595225,0.2597647,0.25360548,0.1
0.59033482,0.27567528,0.25411995,0.5
0.23398015,0.25456104,0.29589331,0.6
0.23398015,0.25470296,0.29589331,0.6
0.20194827,0.27260039,0.25798452,0.9
0.20595225,0.27766214,0.25550027,0.5
0.20595225,0.30677109,0.43647095,0.4
0.56631091,0.27135467,0.25494009,0.4
0.36611165,0.2505558,0.25374925,0.4
0.21796421,0.2544349,0.28020841,0.1
0.23398015,0.25465566,0.29589331,0.1
0.42617143,0.25188037,0.25401327,0.4
0.48222722,0.2705347,0.25401463,0.5
0.26200804,0.33802458,0.25871094,0.6
0.19394029,0.24897894,0.2533706,0.1
0.19394029,0.24536791,0.2533706,0.1
0.29403992,0.2668606,0.25396715,0.4
0.26200804,0.3173834,0.25740383,0.5
0.20194827,0.25470296,0.28769615,0.1
0.33007579,0.26468453,0.26219224,0.4
0.20194827,0.25460835,0.28769615,0.1
0.43818338,0.2523692,0.25403802,0.4
0.20595225,0.26253999,0.25365054,0.4
0.20194827,0.25470296,0.28769615,0.1
0.19794428,0.27122852,0.26948017,0.3
0.19794428,0.2460775,0.44493779,0.1
0.39013556,0.25689481,0.25357225,0.5
0.59033482,0.26991972,0.25381832,0.7
0.23798413,0.2544349,0.28385959,0.1
0.20595225,0.26747558,0.25425092,0.4
0.19794428,0.25184883,0.25341012,0.3
0.26200804,0.26175155,0.26725605,0.3
0.20995624,0.31061864,0.34816325,0.3
0.29403992,0.38605593,0.26593851,0.8
0.59033482,0.30451617,0.25506032,0.7
0.43017541,0.26138888,0.25361017,0.4
0.26200804,0.24833242,0.25350278,0.3
0.21796421,0.2544349,0.28020841,0.1
0.29003594,0.24995659,0.25348666,0.3
0.20194827,0.25470296,0.28769615,0.1
0.20194827,0.25460835,0.28769615,0.1
0.20194827,0.25465566,0.28769615,0.1
0.23398015,0.29757796,0.27610833,0.2
0.20194827,0.25441913,0.26053713,0.1
0.31806383,0.31602729,0.25583456,0.6
0.22997616,0.25572793,0.25394885,0.4
0.21796421,0.2544349,0.28020841,0.1
0.21796421,0.2544822,0.28020841,0.1
0.20995624,0.25456104,0.30473665,0.1
0.23398015,0.26090005,0.25363611,0.3
0.20194827,0.25456104,0.28769615,0.1
0.59033482,0.29409308,0.25422147,0.5
0.59033482,0.28013782,0.25505083,0.6
0.53427902,0.27647949,0.25389755,0.6
0.59033482,1.05333844,0.50421425,0.9
0.55830293,0.27167004,0.25381103,0.5
0.20194827,0.29939135,0.31863998,0.2
0.42216744,0.53417098,0.36954966,0.6
0.23798413,0.2544822,0.28385959,0.1
0.20194827,0.25460835,0.28769615,0.1
0.20595225,0.29839793,0.2922011,0.2
0.23798413,0.25457681,0.28385959,0.1
0.22997616,0.28467919,0.26821463,0.4
0.23798413,0.25881858,0.27758357,0.3
0.33808376,0.25907088,0.25533355,0.5
0.23798413,0.25452951,0.28385959,0.1
0.19394029,0.2597647,0.25360547,0.2
0.28202797,0.24877394,0.25354442,0.3
0.2459921,0.26252422,0.28214388,0.4
0.20595225,0.2544349,0.27349489,0.1
0.19394029,0.24536791,0.2533706,0.1
0.20194827,0.25470296,0.28769615,0.1
0.19794428,0.26662407,0.25393548,0.4
0.19794428,0.26599333,0.25386245,0.4
0.33407977,0.27875017,0.25857982,0.4
0.59033482,0.23404601,0.253292,0.1
0.45419932,0.27323114,0.25386702,0.5
0.25800406,0.24625096,0.25337258,0.1
0.23398015,0.25460835,0.29589331,0.1
0.47421925,0.25429298,0.25488171,0.4
0.20595225,0.27916016,0.25509174,0.4
0.23798413,0.29909175,0.31155797,0.2
0.20995624,0.29882368,0.29831835,0.2
0.19394029,0.26250845,0.25361149,0.3
0.20194827,0.2544822,0.27044911,0.1
0.59033482,0.94817723,0.51696766,0.8
0.40214752,0.25385145,0.25390933,0.5
0.41816346,0.25517602,0.25379206,0.4
0.20595225,0.31645305,0.62405985,0.4
0.20595225,0.28704449,0.42856273,0.4
0.31806383,0.53043381,0.46041123,0.8
0.23398015,0.29781449,0.30094778,0.1
0.54629098,0.27032971,0.25507465,0.4
0.23798413,0.25452951,0.28385959,0.1
0.20194827,0.25460835,0.28769615,0.1
0.27802398,0.25134424,0.25346665,0.3
0.44619135,0.2673652,0.25502419,0.4
0.19394029,0.24538368,0.2533706,0.1
0.31005586,0.24987775,0.25367667,0.4
0.20595225,0.25438759,0.27349489,0.1
0.21396022,0.30749645,0.32896429,0.3
0.19394029,0.24538368,0.2533706,0.1
0.19394029,0.27261616,0.27893141,0.3
0.59033482,0.2326426,0.253292,0.1
0.59033482,0.27939669,0.25408551,0.7
0.23398015,0.25470296,0.29589331,0.1
0.21396022,0.2926739,0.25577979,0.5
0.26200804,0.30912062,0.35652894,0.6
0.59033482,0.96344129,0.41429704,0.8
0.2459921,0.27755176,0.25459551,0.4
0.20194827,0.25460835,0.28769615,0.1
0.19794428,0.24877394,0.25343096,0.3
0.19794428,0.25681596,0.25365626,0.3
0.53427902,0.26695521,0.25377201,0.4
0.23798413,0.26827978,0.2540359,0.3
0.47021526,0.26033238,0.25357095,0.4
0.19394029,0.24538368,0.2533706,0.1
0.20595225,0.29199585,0.33617031,0.4
0.59033482,0.2326426,0.253292,0.1
0.53027504,0.26276075,0.2541468,0.4
0.20194827,0.25460835,0.28769615,0.1
0.59033482,0.2326426,0.253292,0.1
0.19794428,0.25618522,0.25362165,0.3
0.45820331,0.2763218,0.25807743,0.4
0.20194827,0.26324958,0.25386367,0.3
0.20194827,0.29939135,0.31863998,0.2
0.20194827,0.25460835,0.28769615,0.1
0.20995624,0.25470296,0.30473665,0.1
0.20194827,0.25452951,0.27675076,0.1
0.20194827,0.25470296,0.28769615,0.1
0.19394029,0.24538368,0.2533706,0.1
0.19394029,0.25968586,0.25360547,0.2
0.19394029,0.25984355,0.25360547,0.2
0.20595225,0.2544822,0.27349489,0.1
0.23398015,0.2995175,0.33357816,0.2
0.35009571,0.50791615,0.49416218,0.6
0.20194827,0.25445066,0.26053713,0.1
0.23398015,0.25470296,0.29589331,0.1
0.2459921,0.39476023,0.650029,0.7
0.51025511,0.26515759,0.25382319,0.6
0.21396022,0.25773055,0.40838892,0.4
0.19794428,0.2528738,0.25369651,0.4
0.22196819,0.25451374,0.27044911,0.1
0.20194827,0.25441913,0.26265721,0.1
0.20194827,0.25470296,0.28769615,0.1
0.23798413,0.2544349,0.28385959,0.1
0.59033482,0.76376271,0.52125109,0.7
0.20194827,0.25465566,0.28769615,0.1
0.21796421,0.30647148,0.2943548,0.3
0.23398015,0.25460835,0.29589331,0.1
0.59033482,0.78823568,0.43038485,0.8
0.22597218,0.25437182,0.26762188,0.1
0.22597218,0.25451374,0.26053713,0.1
0.31405985,0.24959392,0.25360647,0.3
0.23798413,0.40182459,0.29882465,0.6
0.26200804,0.26638754,0.254623,0.4
0.31806383,0.26113658,0.25391824,0.4
0.20995624,0.31044519,0.34934549,0.1
0.31005586,0.25213267,0.25347855,0.4
0.30605188,0.25229036,0.25359094,0.4
0.19794428,0.26788556,0.25824166,0.3
0.21796421,0.2544349,0.28020841,0.1
0.49824316,0.26523643,0.2543101,0.2
0.20595225,0.29906021,0.31155797,0.2
0.20194827,0.25456104,0.28769615,0.1
0.55830293,0.28822714,0.25441294,0.5
0.19394029,0.24536791,0.2533706,0.1
0.23398015,0.25460835,0.29589331,0.1
0.20194827,0.25465566,0.28769615,0.1
0.29804391,0.24880548,0.25353837,0.3
0.21396022,0.25973317,0.25360547,0.2
0.20194827,0.25465566,0.28769615,0.1
0.30605188,0.26954127,0.25597165,0.3
0.23398015,0.25460835,0.29589331,0.1
0.19794428,0.24573059,0.45176636,0.1
0.23398015,0.25465566,0.29589331,0.1
0.22597218,0.29842947,0.28644631,0.2
0.23398015,0.25470296,0.29589331,0.1
0.45019534,0.24820627,0.25345448,0.3
0.59033482,0.26764903,0.25388324,0.3
0.27402,0.26309189,0.27216669,0.3
0.25400007,0.26257153,0.27515684,0.4
0.27802398,0.2884479,0.2780964,0.4
0.20995624,0.25460835,0.30473665,0.1
0.20995624,0.25470296,0.30473665,0.1
0.59033482,1.03220843,0.48232404,0.7
0.23398015,0.25460835,0.29589331,0.1
0.20194827,0.25470296,0.28769615,0.1
0.20194827,0.2544822,0.27675076,0.1
0.38613158,0.25096579,0.25372266,0.3
0.19394029,0.24536791,0.2533706,0.1
0.24999609,0.24563598,0.2533726,0.1
0.23398015,0.29954904,0.33362992,0.2
0.41816346,0.25285803,0.25361516,0.3
0.23398015,0.25460835,0.29589331,0.1
0.35009571,0.25886589,0.25648102,0.4
0.23798413,0.25457681,0.28385959,0.1
0.49023519,0.26577256,0.25383395,0.3
0.59033482,1.08590073,0.46708724,0.7
0.20194827,0.25456104,0.28769615,0.1
0.20194827,0.25457681,0.27675076,0.1
0.51025511,0.3956275,0.565112,0.6
0.39413955,0.27097622,0.2537362,0.6
0.20194827,0.25457681,0.27675076,0.1
0.21396022,0.26662407,0.25393449,0.3
0.24198812,0.24599866,0.25337111,0.2
0.20194827,0.25426144,0.26265721,0.1
0.27402,0.24931008,0.25348506,0.3
0.23398015,0.25460835,0.29589331,0.1
0.49023519,0.25929164,0.25731783,0.4
0.21796421,0.2544822,0.28020841,0.1
0.23798413,0.30044785,0.44840933,0.2
0.37411962,0.2852784,0.26509727,0.4
0.43818338,0.25905511,0.25389575,0.5
0.49423917,0.26395917,0.25401172,0.5
0.20194827,0.25984355,0.25360547,0.2
0.20194827,0.25441913,0.27044911,0.1
0.20995624,0.25470296,0.30473665,0.1
0.20194827,0.27163851,0.25899879,0.4
0.29403992,0.25632713,0.25359279,0.3
0.27802398,0.26949397,0.25360566,0.3
0.21796421,0.25457681,0.28020841,0.1
0.23398015,0.25456104,0.29589331,0.1
0.23798413,0.25457681,0.28385959,0.1
0.29804391,0.26294997,0.25360668,0.1
0.19794428,0.27119698,0.25454403,0.4
0.22597218,0.29153856,0.2996457,0.4
0.23398015,0.25460835,0.29589331,0.1
0.29403992,0.26673445,0.25393581,0.3
0.20194827,0.25460835,0.28769615,0.1
0.25400007,0.25451374,0.25356934,0.3
0.20995624,0.29839793,0.2922011,0.2
0.23398015,0.25470296,0.29589331,0.1
0.21396022,0.26101043,0.25360917,0.3
0.23398015,0.30623495,0.32964746,0.3
0.23398015,0.25470296,0.29589331,0.1
0.53828301,0.26552027,0.25441226,0.4
0.33808376,0.25008274,0.25364557,0.3
0.23798413,0.30609304,0.28378439,0.5
0.20194827,0.2544822,0.27675076,0.1
0.23398015,0.25460835,0.29589331,0.1
0.20595225,0.26230346,0.25363966,0.2
0.31405985,0.25183307,0.25371051,0.3
0.59033482,0.77437502,0.55237984,0.7
0.50224714,0.26753865,0.25437261,0.4
0.2459921,0.39206379,0.26218655,0.5
0.44619135,0.27405111,0.25376767,0.3
0.59033482,0.39810318,0.26469418,0.7
0.59033482,0.27272654,0.25441834,0.5
0.23398015,0.25460835,0.29589331,0.1
0.35009571,0.26678176,0.25480759,0.3
0.59033482,0.87037465,0.47733467,0.9
0.20595225,0.26602486,0.25372643,0.3
0.24198812,0.3074176,0.37038567,0.4
0.59033482,1.17605018,0.52948682,0.9
0.59033482,0.30732299,0.40146834,0.5
0.39814353,0.26179886,0.25364106,0.5
0.44619135,0.2644953,0.25377488,0.4
0.20194827,0.29760949,0.30277318,0.2
0.25800406,0.25697365,0.25359133,0.3
0.19394029,0.24538368,0.2533706,0.1
0.20194827,0.25465566,0.28769615,0.1
0.22597218,0.26116811,0.25361059,0.2
0.23398015,0.25470296,0.29589331,0.1
0.21796421,0.25457681,0.28020841,0.1
0.52627105,0.50209752,0.5521552,0.5
0.20194827,0.25451374,0.27044911,0.1
0.23398015,0.25465566,0.29589331,0.1
0.59033482,0.30866333,0.25502632,0.5
0.23798413,0.2544822,0.28385959,0.1
0.21796421,0.25452951,0.28020841,0.1
0.39013556,0.25575946,0.25359037,0.3
0.23398015,0.25456104,0.29589331,0.1
0.24999609,0.24768591,0.25345538,0.2
0.19794428,0.2744611,0.47480198,0.2
0.23398015,0.30934138,0.33227088,0.2
0.31005586,0.40598752,0.46597463,0.5
0.22196819,0.29842947,0.28644631,0.2
0.20595225,0.29939135,0.31863998,0.2
0.27802398,0.24965699,0.25346086,0.3
0.22196819,0.2918697,0.527299,0.4
0.20194827,0.25465566,0.28769615,0.1
0.57832286,0.26742827,0.25387902,0.6
0.23798413,0.25457681,0.28385959,0.1
0.4061515,0.28898404,0.26686256,0.3
0.35810368,0.2697305,0.25567897,0.3
0.23398015,0.26129426,0.25354012,0.2
0.19394029,0.24965699,0.25337149,0.1
0.59033482,0.27621142,0.25385728,0.5
0.23398015,0.25460835,0.29589331,0.1
0.20995624,0.28606683,0.28826353,0.3
0.22196819,0.24544676,0.2533717,0.1
0.27402,0.25042965,0.25346779,0.2
0.23398015,0.25456104,0.29589331,0.1
0.55029496,0.25520756,0.25389537,0.5
0.57832286,0.26583564,0.25385037,0.5
0.23798413,0.25452951,0.28385959,0.1
0.20595225,0.30005364,0.37504054,0.2
0.59033482,0.85129456,0.46063059,0.8
0.40214752,0.26400647,0.25607328,0.5
0.21796421,0.2544349,0.28020841,0.1
0.19794428,0.28445843,0.44981793,0.3
0.23798413,0.25452951,0.28385959,0.1
0.44218737,0.26460568,0.25374817,0.3
0.26200804,0.32007984,0.25999928,0.6
0.22597218,0.30246624,0.3175166,0.4
0.59033482,0.2326426,0.253292,0.1
0.19394029,0.25973317,0.25360547,0.2
0.20995624,0.26477914,0.25474085,0.3
0.20595225,0.25426144,0.26762188,0.1
0.20194827,0.29756219,0.27610833,0.2
0.21796421,0.29894983,0.30477742,0.2
0.20995624,0.25460835,0.30473665,0.1
0.22196819,0.25721018,0.25391164,0.5
0.25400007,0.2497043,0.25345604,0.4
0.23398015,0.25470296,0.29589331,0.1
0.49023519,0.25531794,0.25598733,0.5
0.23798413,0.25452951,0.28385959,0.1
0.26200804,0.25263727,0.25347339,0.3
0.59033482,0.30010094,0.25560639,0.8
0.19794428,0.28355962,0.43209434,0.2
0.22597218,0.24755976,0.25345527,0.1
0.22997616,0.92663724,0.39055312,0.7
0.51025511,0.46188743,0.54536675,0.5
0.34208774,0.25525487,0.25356101,0.5
0.28603195,0.25434028,0.25349826,0.4
0.27001601,0.30837949,0.35634788,0.5
0.33407977,0.25013005,0.25370901,0.4
0.21796421,0.29893406,0.30477742,0.2
0.23798413,0.2544822,0.28385959,0.1
0.19794428,0.2710393,0.25472131,0.3
0.19394029,0.2633915,0.25387606,0.3
0.25400007,0.34526239,0.45901634,0.5
0.23798413,0.2544349,0.28385959,0.1
0.20194827,0.25460835,0.28769615,0.2
0.4061515,0.29261083,0.25449508,0.5
0.59033482,0.33633733,0.26424962,0.7
0.19794428,0.25247958,0.253429,0.3
0.23398015,0.25470296,0.29589331,0.1
0.46220729,0.266561,0.25421822,0.3
0.26601203,0.32933604,0.37088406,0.5
0.19394029,0.26971473,0.25566819,0.3
0.24198812,0.29906021,0.31155797,0.2
0.45820331,0.26436915,0.25414109,0.3
0.54228699,0.2673652,0.25441795,0.5
0.20194827,0.24558868,0.26339344,0.1
0.34208774,0.27406688,0.25488081,0.3
0.19394029,0.23417216,0.253292,0.1
0.37411962,0.44082049,0.26587074,0.6
0.52226707,0.25044542,0.25351502,0.3
0.37812361,0.25435605,0.25498777,0.4
0.45419932,0.26039545,0.25648512,0.4
0.20995624,0.25456104,0.30473665,0.1
0.19394029,0.23417216,0.253292,0.1
0.23398015,0.26080543,0.25361712,0.2
0.39413955,0.26629293,0.25371697,0.3
0.31806383,0.25356762,0.25351967,0.4
0.27402,0.26260306,0.27166395,0.2
0.57031489,0.27540722,0.25386662,0.4
0.21796421,0.2544349,0.28020841,0.2
0.45419932,0.26974627,0.25407207,0.3
0.22196819,0.24691324,0.25344922,0.1
0.23798413,0.2544822,0.28385959,0.1
0.19394029,0.2644953,0.25408318,0.2
0.54228699,0.29800371,0.25456166,0.5
0.19394029,0.26302882,0.25384608,0.2
0.20595225,0.29043475,0.26098791,0.5
0.28603195,0.43687833,0.47248866,0.7
0.20194827,0.25432451,0.25867025,0.1
0.22597218,0.24746515,0.25345773,0.1
0.19394029,0.25030351,0.25337693,0.2
0.23398015,0.25470296,0.29589331,0.1
0.59033482,0.29459768,0.2546893,0.5
0.23398015,0.25460835,0.29589331,0.1
0.29403992,0.24938892,0.25359459,0.3
0.20194827,0.25452951,0.27675076,0.1
0.55830293,0.25952817,0.25441578,0.4
0.34609173,0.24793821,0.25340496,0.3
0.20194827,0.2544349,0.27675076,0.1
0.44619135,0.26826401,0.2537744,0.3
0.19394029,0.25681596,0.25440419,0.4
0.20194827,0.25465566,0.28769615,0.1
0.20194827,0.25465566,0.28769615,0.1
0.21796421,0.25452951,0.28020841,0.1
0.20595225,0.2544822,0.27349489,0.1
0.59033482,0.27971206,0.25401981,0.4
0.23398015,0.25456104,0.29589331,0.1
0.24198812,0.24606173,0.25337119,0.1
0.59033482,0.26030084,0.25820466,0.3
0.59033482,0.2326426,0.253292,0.1
0.20194827,0.25968586,0.2536056,0.2
0.27001601,0.25793554,0.2538141,0.3
0.26200804,0.32129403,0.35819322,0.6
0.21396022,0.28627183,0.4566445,0.3
0.23398015,0.29954904,0.33362992,0.2
0.23398015,0.25460835,0.29589331,0.1
0.52226707,0.27334152,0.25411264,0.5
0.21796421,0.26060044,0.26072607,0.1
0.35810368,0.32406931,0.35672611,0.4
0.20194827,0.2544349,0.27675076,0.1
0.20194827,0.25456104,0.28769615,0.1
0.27001601,0.49763499,0.27418981,0.6
0.59033482,0.30921523,0.25491249,0.5
0.27802398,0.30718107,0.25704655,0.5
0.28603195,0.27638487,0.25431564,0.5
0.23398015,0.25460835,0.29589331,0.1
0.19394029,0.24896317,0.2533706,0.1
0.59033482,1.01509944,0.53030684,0.8
0.19394029,0.2597647,0.25360547,0.1
0.19794428,0.28139931,0.25668017,0.4
0.59033482,0.29658453,0.25510846,0.5
0.19794428,0.28573569,0.3411279,0.3
0.19394029,0.28534147,0.26786873,0.3
0.19394029,0.26192501,0.25371922,0.2
0.24198812,0.26615101,0.25395815,0.3
0.20194827,0.25460835,0.28769615,0.1
0.21796421,0.25452951,0.28020841,0.1
0.39413955,0.26307612,0.25366183,0.4
0.44218737,0.26563065,0.25421328,0.3
0.59033482,0.49116983,0.30795675,0.8
0.23398015,0.25470296,0.29589331,0.1
0.55830293,0.2666083,0.25388337,0.2
0.27802398,0.24680286,0.25341072,0.2
0.21396022,0.2971049,0.26747602,0.2
0.25800406,0.2481432,0.25348519,0.2
0.27001601,0.24614058,0.25337247,0.2
0.19394029,0.24897894,0.2533706,0.1
0.19794428,0.25200652,0.25339123,0.3
0.21796421,0.2544349,0.28020841,0.1
0.22597218,0.25451374,0.26053713,0.1
0.21796421,0.25457681,0.28020841,0.1
0.23798413,0.2544822,0.28385959,0.1
0.49423917,0.52347983,0.48317906,0.7
0.20995624,0.25465566,0.30473665,0.1
0.20995624,0.26050583,0.25700614,0.2
0.20595225,0.30237163,0.31288538,0.2
0.28202797,0.25859782,0.25353809,0.3
0.47021526,0.2597647,0.25362368,0.3
0.3260718,0.24989352,0.25362179,0.3
0.20194827,0.27293154,0.25954137,0.3
0.23798413,0.25457681,0.28385959,0.1
0.19394029,0.25984355,0.25360547,0.2
0.23398015,0.25460835,0.29589331,0.1
0.35810368,0.25615368,0.25351808,0.3
0.23798413,0.27523376,0.27206489,0.4
0.33407977,0.25626406,0.25354235,0.4
0.35009571,0.2518646,0.25363686,0.3
0.19794428,0.28214044,0.27410535,0.3
0.20194827,0.25456104,0.28769615,0.1
0.31405985,0.24986198,0.25389275,0.3
0.23398015,0.25456104,0.29589331,0.1
0.19394029,0.24538368,0.2533706,0.1
0.2459921,0.26090005,0.25362876,0.2
0.25400007,0.25552293,0.25359728,0.2
0.22997616,0.2974045,0.36731918,0.5
0.19794428,0.26622986,0.25389323,0.3
0.23398015,0.25456104,0.29589331,0.1
0.20995624,0.25460835,0.30473665,0.1
0.23398015,0.25470296,0.29589331,0.1
0.25800406,0.30036901,0.33741313,0.5
0.36611165,0.25561754,0.25353294,0.3
0.23398015,0.25460835,0.29589331,0.1
0.37812361,0.24841127,0.25353167,0.3
0.3540997,0.25383569,0.25364505,0.3
0.20194827,0.25470296,0.28769615,0.1
0.22597218,0.29787756,0.28107496,0.2
0.23398015,0.25470296,0.29589331,0.1
0.19394029,0.25984355,0.25360547,0.2
0.20194827,0.25452951,0.27675076,0.1
0.49023519,0.27403534,0.25382537,0.5
0.23398015,0.25456104,0.29589331,0.1
0.49423917,0.2755176,0.25395448,0.6
0.20194827,0.2544349,0.27675076,0.1
0.21796421,0.2544822,0.28020841,0.1
0.20194827,0.25465566,0.28769615,0.1
0.22597218,0.27110237,0.25686573,0.3
0.22196819,0.25457681,0.27044911,0.1
0.20194827,0.25465566,0.28769615,0.1
0.23798413,0.27985398,0.38927196,0.3
0.23798413,0.25457681,0.28385959,0.1
0.22997616,0.26350188,0.27536277,0.3
0.23398015,0.25460835,0.29589331,0.1
0.19794428,0.27141775,0.25467247,0.3
0.23398015,0.25456104,0.29589331,0.1
0.19394029,0.27733099,0.29353165,0.3
0.19394029,0.24538368,0.2533706,0.1
0.25800406,0.24625096,0.25337262,0.3
0.19394029,0.24536791,0.2533706,0.2
0.59033482,0.5614823,0.32711761,0.9
0.23398015,0.25456104,0.29589331,0.1
0.24198812,0.26364379,0.27125862,0.2
0.42216744,0.26376994,0.25373133,0.2
0.23398015,0.25470296,0.29589331,0.1
0.23398015,0.25984355,0.25360547,0.2
0.20194827,0.25465566,0.28769615,0.1
0.19794428,0.28229812,0.2547458,0.3
0.33407977,0.25304725,0.25349864,0.3
0.20595225,0.25960702,0.25360585,0.2
0.19794428,0.25066618,0.25338057,0.3
0.46621128,0.26716021,0.25465307,0.3
0.2459921,0.25205383,0.25445038,0.4
0.4061515,0.26470029,0.25487082,0.5
0.23798413,0.29910752,0.31155797,0.2
0.22196819,0.29734143,0.27156805,0.2
0.19394029,0.26577256,0.25364223,0.4
